"firstseendate";"lastseendate";"Carrier";"Technology";"height";"latitude";"longitude"
1.71E12;1.71E12;"Mobitel";"UMTS";70;6.111107728;80.18751921
1.71E12;1.71E12;"Mobitel";"UMTS";70;6.115207856;80.19341871
1.71E12;1.71E12;"Mobitel";"UMTS";70;6.131207664;80.18811875
1.72E12;1.72E12;"Mobitel";"UMTS";70;6.133108283;80.1710186
1.71E12;1.73E12;"Mobitel";"UMTS";70;6.13330803;80.1786188
1.36E12;1.36E12;"Mobitel";"UMTS";70;6.139607693;80.18731858
1.71E12;1.72E12;"Mobitel";"UMTS";70;6.198408248;80.18091912
1.71E12;1.72E12;"Mobitel";"UMTS";70;6.198808421;80.18251879
1.71E12;1.73E12;"Mobitel";"UMTS";70;6.200807824;80.18611888
1.71E12;1.73E12;"Mobitel";"UMTS";70;6.201007881;80.18491883
1.71E12;1.72E12;"Mobitel";"UMTS";70;6.20110833;80.19151924
1.71E12;1.71E12;"Mobitel";"UMTS";70;6.201207843;80.17321893
1.71E12;1.71E12;"Mobitel";"UMTS";70;6.201207845;80.19751904
1.66E12;1.72E12;"Mobitel";"UMTS";70;6.201407978;80.17931892
1.71E12;1.71E12;"Mobitel";"UMTS";70;6.20200793;80.17991852
1.72E12;1.72E12;"Mobitel";"UMTS";70;6.203107585;80.19461913
1.71E12;1.73E12;"Mobitel";"UMTS";70;6.203107841;80.1843191
1.71E12;1.71E12;"Mobitel";"UMTS";70;6.203907778;80.18111902
1.71E12;1.71E12;"Mobitel";"UMTS";70;6.20760835;80.18641911
1.71E12;1.71E12;"Mobitel";"UMTS";70;6.209107804;80.18251923
1.71E12;1.71E12;"Mobitel";"UMTS";70;6.209307964;80.18591913
1.36E12;1.36E12;"Mobitel";"UMTS";70;6.217707901;80.20451915
1.71E12;1.73E12;"Mobitel";"UMTS";70;6.220808282;80.19661863
1.37E12;1.37E12;"Mobitel";"UMTS";70;6.222207914;80.21321913
1.71E12;1.71E12;"Mobitel";"UMTS";70;6.226208363;80.21391852
1.37E12;1.37E12;"Mobitel";"UMTS";70;6.226908046;80.17281854
1.71E12;1.71E12;"Mobitel";"UMTS";70;6.227207936;80.17271866
1.71E12;1.71E12;"Mobitel";"UMTS";70;6.231308119;80.17371915
1.66E12;1.71E12;"Mobitel";"UMTS";70;6.231407599;80.18771914
1.71E12;1.72E12;"Mobitel";"UMTS";70;6.231607933;80.1824192
1.72E12;1.72E12;"Mobitel";"UMTS";70;6.231807789;80.18561848
1.72E12;1.72E12;"Mobitel";"UMTS";70;6.2345079;80.1769187
1.72E12;1.72E12;"Mobitel";"UMTS";70;6.238208052;80.19441905
1.72E12;1.72E12;"Mobitel";"UMTS";70;6.240507672;80.18541854
1.71E12;1.71E12;"Mobitel";"UMTS";70;6.240807662;80.18551846
1.71E12;1.72E12;"Mobitel";"UMTS";70;6.241608355;80.18891909
1.37E12;1.37E12;"Mobitel";"UMTS";70;6.242007579;80.19821889
1.71E12;1.73E12;"Mobitel";"UMTS";70;6.244907881;80.19751926
1.71E12;1.71E12;"Mobitel";"UMTS";70;6.247407591;80.1976185
1.71E12;1.72E12;"Mobitel";"UMTS";70;6.249008279;80.19771879
1.37E12;1.37E12;"Mobitel";"UMTS";70;6.251307731;80.19731888
1.71E12;1.73E12;"Mobitel";"UMTS";70;6.25220832;80.19711885
1.71E12;1.71E12;"Mobitel";"UMTS";70;6.252408182;80.19511861
1.71E12;1.73E12;"Mobitel";"UMTS";70;6.254008114;80.19791873
1.71E12;1.71E12;"Mobitel";"UMTS";70;6.260207591;80.20691923
1.71E12;1.71E12;"Mobitel";"UMTS";70;6.261508043;80.1886192
1.34E12;1.34E12;"Mobitel";"UMTS";70;6.262808425;80.17531869
1.71E12;1.71E12;"Mobitel";"UMTS";70;6.262908355;80.19431911
1.62E12;1.65E12;"Dialog";"UMTS";70;6.263708226;80.67851847
1.35E12;1.35E12;"Dialog";"UMTS";70;6.265107919;80.7509186
1.52E12;1.52E12;"Dialog";"UMTS";70;6.266807892;80.29911917
1.53E12;1.54E12;"Dialog";"UMTS";70;6.270708391;80.30191919
1.56E12;1.56E12;"Dialog";"UMTS";70;6.273607919;80.21851879
1.61E12;1.61E12;"Dialog";"UMTS";70;6.278408335;80.13981847
1.58E12;1.58E12;"Dialog";"UMTS";70;6.301407617;80.59331901
1.53E12;1.53E12;"Dialog";"UMTS";70;6.305708128;80.26781866
1.64E12;1.64E12;"Dialog";"UMTS";70;6.317908217;81.22701871
1.58E12;1.58E12;"Dialog";"UMTS";70;6.318107789;80.54811917
1.61E12;1.61E12;"Dialog";"UMTS";70;6.318107909;80.48711908
1.58E12;1.58E12;"Dialog";"UMTS";70;6.318108078;80.64881869
1.53E12;1.57E12;"Dialog";"UMTS";70;6.318108132;80.18831874
1.61E12;1.61E12;"Dialog";"UMTS";70;6.328607691;80.41551918
1.49E12;1.49E12;"Dialog";"UMTS";70;6.3286081;80.4711189
1.56E12;1.56E12;"Dialog";"UMTS";70;6.33810825;80.21961919
1.53E12;1.53E12;"Dialog";"UMTS";70;6.338607737;80.24841843
1.53E12;1.53E12;"Dialog";"UMTS";70;6.360308223;80.26031908
1.53E12;1.53E12;"Dialog";"UMTS";70;6.462907794;80.27351891
1.61E12;1.61E12;"Dialog";"UMTS";70;6.462907823;80.34531846
1.65E12;1.65E12;"Dialog";"UMTS";70;6.46290796;80.75821918
1.52E12;1.52E12;"Dialog";"UMTS";70;6.462908193;80.17891906
1.49E12;1.49E12;"Dialog";"UMTS";70;6.46300802;80.1809187
1.59E12;1.59E12;"Dialog";"UMTS";70;6.498008235;80.25231924
1.59E12;1.59E12;"Dialog";"UMTS";70;6.526708179;80.25221912
1.56E12;1.56E12;"Dialog";"UMTS";70;6.540908346;80.26961898
1.69E12;1.69E12;"Dialog";"UMTS";70;6.544208127;81.2769187
1.7E12;1.7E12;"Dialog";"UMTS";70;6.550208356;80.42331845
1.53E12;1.53E12;"Dialog";"UMTS";70;6.554907837;80.15001848
1.52E12;1.56E12;"Dialog";"UMTS";70;6.589807741;80.18241862
1.5E12;1.5E12;"Dialog";"UMTS";70;6.60710771;80.59001924
1.53E12;1.53E12;"Dialog";"UMTS";70;6.618008109;80.30161925
1.58E12;1.58E12;"Dialog";"UMTS";70;6.697907885;80.54191914
1.52E12;1.52E12;"Dialog";"UMTS";70;6.74140789;80.18241864
1.53E12;1.53E12;"Dialog";"UMTS";70;6.772208011;80.17681913
1.52E12;1.52E12;"Dialog";"UMTS";70;6.795508197;80.21441878
1.61E12;1.62E12;"Dialog";"UMTS";70;6.880207919;80.13981904
1.58E12;1.58E12;"Dialog";"UMTS";70;6.899607743;80.54121907
1.58E12;1.58E12;"Dialog";"UMTS";70;6.910108329;80.55301848
1.59E12;1.59E12;"Dialog";"UMTS";70;6.746900227;81.72210081
1.64E12;1.64E12;"Dialog";"UMTS";70;6.913107973;80.43141891
1.53E12;1.53E12;"Dialog";"UMTS";70;6.913108145;80.2747189
1.59E12;1.59E12;"Dialog";"UMTS";70;6.913207617;80.25231905
1.66E12;1.66E12;"Dialog";"UMTS";70;6.913207659;80.35661846
1.58E12;1.58E12;"Dialog";"UMTS";70;6.913207696;80.60401897
1.58E12;1.58E12;"Dialog";"UMTS";70;6.913207735;80.60081874
1.53E12;1.53E12;"Dialog";"UMTS";70;6.913207982;80.29581879
1.58E12;1.58E12;"Dialog";"UMTS";70;6.913208045;80.6266186
1.57E12;1.57E12;"Dialog";"UMTS";70;6.913208134;80.19311878
1.49E12;1.49E12;"Dialog";"UMTS";70;6.913208179;80.4704187
1.55E12;1.73E12;"Mobitel";"LTE";70;6.913208347;80.16861842
1.7E12;1.73E12;"Mobitel";"LTE";70;6.913208355;80.17311893
1.7E12;1.72E12;"Mobitel";"LTE";70;6.913208411;80.18331867
1.7E12;1.73E12;"Mobitel";"LTE";70;6.92400761;80.19351927
1.71E12;1.73E12;"Mobitel";"LTE";70;6.927008335;80.19601902
1.55E12;1.73E12;"Mobitel";"LTE";70;6.927508289;80.17781854
1.7E12;1.73E12;"Mobitel";"LTE";70;6.927808045;80.18021859
1.71E12;1.73E12;"Mobitel";"LTE";70;6.928108112;80.18751898
1.7E12;1.73E12;"Mobitel";"LTE";70;6.928108117;80.19441882
1.66E12;1.73E12;"Mobitel";"LTE";70;6.928108278;80.18441889
1.73E12;1.73E12;"Mobitel";"LTE";70;6.928308161;80.19161851
1.66E12;1.73E12;"Mobitel";"LTE";70;6.929408423;80.18101893
1.7E12;1.72E12;"Mobitel";"LTE";70;6.930007921;80.19471919
1.71E12;1.73E12;"Mobitel";"LTE";70;6.930208081;80.18611897
1.55E12;1.71E12;"Mobitel";"LTE";70;6.932007746;80.1822186
1.73E12;1.73E12;"Mobitel";"LTE";70;6.934408235;80.1886189
1.7E12;1.73E12;"Mobitel";"LTE";70;6.938907678;80.19641927
1.7E12;1.73E12;"Mobitel";"LTE";70;6.942608259;80.20761921
1.57E12;1.73E12;"Mobitel";"LTE";70;6.947407909;80.1740186
1.66E12;1.73E12;"Mobitel";"LTE";70;6.949508059;80.18801878
1.7E12;1.73E12;"Mobitel";"LTE";70;6.949508138;80.1774187
1.57E12;1.73E12;"Mobitel";"LTE";70;6.949508242;80.1834191
1.71E12;1.73E12;"Mobitel";"LTE";70;6.949508256;80.18231856
1.7E12;1.73E12;"Mobitel";"LTE";70;6.958108185;80.18901865
1.57E12;1.73E12;"Mobitel";"LTE";70;6.968908335;80.18721873
1.71E12;1.72E12;"Mobitel";"LTE";70;6.972207716;80.19011889
1.57E12;1.73E12;"Mobitel";"LTE";70;6.973207858;80.19691849
1.7E12;1.73E12;"Mobitel";"LTE";70;6.973908204;80.19691874
1.57E12;1.73E12;"Mobitel";"LTE";70;6.975507629;80.19781917
1.71E12;1.73E12;"Mobitel";"LTE";70;6.975507636;80.19691924
1.7E12;1.73E12;"Mobitel";"LTE";70;6.975507655;80.18871877
1.7E12;1.73E12;"Mobitel";"LTE";70;6.975508163;80.19391894
1.73E12;1.73E12;"Mobitel";"LTE";70;6.97550837;80.18921923
1.71E12;1.73E12;"Mobitel";"LTE";70;6.976408029;80.20271883
1.7E12;1.73E12;"Mobitel";"LTE";70;6.980908213;80.19021909
1.7E12;1.72E12;"Mobitel";"LTE";70;6.9820083;80.19161885
1.7E12;1.73E12;"Mobitel";"LTE";70;6.983108203;80.21531855
1.71E12;1.73E12;"Mobitel";"LTE";70;6.98490756;80.16641882
1.61E12;1.73E12;"Mobitel";"LTE";70;6.986708183;80.20991879
1.73E12;1.73E12;"Mobitel";"LTE";70;6.986807548;80.18571877
1.57E12;1.73E12;"Mobitel";"LTE";70;6.986807754;80.18351904
1.57E12;1.72E12;"Mobitel";"LTE";70;6.994408228;80.18781867
1.71E12;1.73E12;"Mobitel";"LTE";70;6.994508251;80.19281851
1.7E12;1.72E12;"Mobitel";"LTE";70;6.995307669;80.19581898
1.71E12;1.72E12;"Mobitel";"LTE";70;6.995908144;80.20131864
1.7E12;1.72E12;"Mobitel";"LTE";70;6.996708257;80.18151916
1.71E12;1.72E12;"Mobitel";"LTE";70;6.996807665;80.20241889
1.71E12;1.73E12;"Mobitel";"LTE";70;6.997107608;80.19541855
1.7E12;1.73E12;"Mobitel";"LTE";70;6.997508218;80.20691885
1.71E12;1.71E12;"Mobitel";"LTE";70;6.997607796;80.20361862
1.73E12;1.73E12;"Dialog";"LTE";70;6.998707931;80.20931902
1.56E12;1.56E12;"Dialog";"LTE";70;6.999208124;80.34811915
1.73E12;1.73E12;"Dialog";"LTE";70;6.999307789;80.20981887
1.56E12;1.56E12;"Dialog";"LTE";70;7.003707989;80.31951901
1.59E12;1.59E12;"Dialog";"LTE";70;6.837900862;81.55530011
1.73E12;1.73E12;"Dialog";"LTE";70;7.005407986;80.19231898
1.73E12;1.73E12;"Dialog";"LTE";70;7.009408364;80.19721876
1.73E12;1.73E12;"Dialog";"LTE";70;7.012908037;80.20201862
1.56E12;1.56E12;"Dialog";"LTE";70;7.013007928;80.29961907
1.56E12;1.56E12;"Dialog";"LTE";70;7.014808338;80.2688186
1.56E12;1.56E12;"Dialog";"LTE";70;7.016107925;80.22451842
1.56E12;1.56E12;"Dialog";"LTE";70;7.016408086;80.26781907
1.56E12;1.56E12;"Dialog";"LTE";70;7.017007967;80.2282185
1.56E12;1.56E12;"Dialog";"LTE";70;7.017007993;80.22621885
1.73E12;1.73E12;"Dialog";"LTE";70;7.017008008;80.19371898
1.59E12;1.59E12;"Dialog";"LTE";70;6.850800685;81.72210074
1.73E12;1.73E12;"Dialog";"LTE";70;7.027407929;80.16601913
1.56E12;1.56E12;"Dialog";"LTE";70;7.027408333;80.32031896
1.49E12;1.73E12;"Dialog";"LTE";70;7.02750795;80.17121894
1.7E12;1.73E12;"Dialog";"LTE";70;7.027907726;80.17831887
1.57E12;1.73E12;"Dialog";"LTE";70;7.027908404;80.17431852
1.71E12;1.73E12;"Dialog";"LTE";70;7.029308129;80.18021867
1.7E12;1.73E12;"Dialog";"LTE";70;7.02970794;80.17881847
1.7E12;1.73E12;"Dialog";"LTE";70;7.030107557;80.18361907
1.71E12;1.73E12;"Dialog";"LTE";70;7.030508362;80.17881844
1.71E12;1.73E12;"Dialog";"LTE";70;7.030607977;80.17631914
1.71E12;1.73E12;"Dialog";"LTE";70;7.032808286;80.18671857
1.49E12;1.73E12;"Dialog";"LTE";70;7.033307569;80.1720191
1.7E12;1.73E12;"Dialog";"LTE";70;7.034607617;80.18241885
1.49E12;1.73E12;"Dialog";"LTE";70;7.035307609;80.1704187
1.49E12;1.73E12;"Dialog";"LTE";70;7.035307661;80.17631857
1.57E12;1.73E12;"Dialog";"LTE";70;7.035307724;80.17761911
1.49E12;1.73E12;"Dialog";"LTE";70;7.036207887;80.17511922
1.49E12;1.73E12;"Dialog";"LTE";70;7.037108131;80.17491901
1.71E12;1.73E12;"Dialog";"LTE";70;7.037608056;80.180619
1.49E12;1.49E12;"Dialog";"LTE";70;7.03810796;80.17011918
1.7E12;1.73E12;"Dialog";"LTE";70;7.03860787;80.18891859
1.71E12;1.73E12;"Dialog";"LTE";70;7.039408403;80.18641862
1.72E12;1.72E12;"Dialog";"LTE";70;7.03970812;80.2060191
1.57E12;1.73E12;"Dialog";"LTE";70;7.040808088;80.18121858
1.71E12;1.73E12;"Dialog";"LTE";70;7.043307775;80.19651851
1.7E12;1.73E12;"Dialog";"LTE";70;7.043407693;80.1917189
1.49E12;1.73E12;"Dialog";"LTE";70;7.04340784;80.16761899
1.57E12;1.73E12;"Dialog";"LTE";70;7.043807593;80.17451915
1.52E12;1.73E12;"Dialog";"LTE";70;7.044308088;80.19611906
1.7E12;1.73E12;"Dialog";"LTE";70;7.044807943;80.17391875
1.49E12;1.73E12;"Dialog";"LTE";70;7.045008406;80.17261897
1.7E12;1.73E12;"Dialog";"LTE";70;7.046907746;80.19941889
1.49E12;1.73E12;"Dialog";"LTE";70;7.048307829;80.17131857
1.73E12;1.73E12;"Dialog";"LTE";70;7.050208092;80.19981871
1.64E12;1.66E12;"Hutch";"LTE";70;7.050308301;81.38361852
1.64E12;1.64E12;"Hutch";"LTE";70;7.050808317;81.30131847
1.64E12;1.64E12;"Hutch";"LTE";70;7.050907832;81.31391887
1.64E12;1.66E12;"Hutch";"LTE";70;7.051308106;81.37681923
1.64E12;1.65E12;"Hutch";"LTE";70;7.052007913;81.18921879
1.64E12;1.65E12;"Hutch";"LTE";70;7.052107549;81.36591859
1.66E12;1.66E12;"Hutch";"LTE";70;7.052107633;81.41211847
1.64E12;1.64E12;"Hutch";"LTE";70;7.052108298;81.31331908
1.66E12;1.66E12;"Hutch";"LTE";70;7.052907801;81.40331871
1.64E12;1.7E12;"Hutch";"LTE";70;7.053107804;81.26671923
1.64E12;1.64E12;"Hutch";"LTE";70;7.053307738;81.23251911
1.64E12;1.65E12;"Hutch";"LTE";70;7.053308374;81.37511857
1.68E12;1.68E12;"Hutch";"LTE";70;7.053407823;81.38771862
1.64E12;1.7E12;"Hutch";"LTE";70;7.054407845;81.26671874
1.65E12;1.65E12;"Hutch";"LTE";70;7.057008284;81.37491901
1.66E12;1.66E12;"Hutch";"LTE";70;7.057307745;81.38021922
1.65E12;1.65E12;"Hutch";"LTE";70;7.058108258;81.3749186
1.64E12;1.66E12;"Hutch";"LTE";70;7.05810842;81.37491873
1.64E12;1.64E12;"Hutch";"LTE";70;7.05820789;81.2999189
1.64E12;1.64E12;"Hutch";"LTE";70;7.058207964;81.33151843
1.64E12;1.7E12;"Hutch";"LTE";70;7.058208402;81.27141868
1.66E12;1.66E12;"Hutch";"LTE";70;7.05950808;81.38991869
1.68E12;1.68E12;"Hutch";"LTE";70;7.059508233;80.84641892
1.68E12;1.68E12;"Hutch";"LTE";70;7.059608341;81.6244192
1.68E12;1.68E12;"Hutch";"LTE";70;7.059707945;81.56111854
1.64E12;1.64E12;"Hutch";"LTE";70;7.060707559;81.54801917
1.68E12;1.68E12;"Hutch";"LTE";70;7.060708121;81.41241875
1.68E12;1.68E12;"Hutch";"LTE";70;7.060907985;81.41541913
1.73E12;1.73E12;"Hutch";"LTE";70;7.061507864;81.11931872
1.71E12;1.72E12;"Hutch";"LTE";70;7.061807719;80.53771911
1.71E12;1.71E12;"Hutch";"LTE";70;7.062808288;80.41921912
1.71E12;1.71E12;"Hutch";"LTE";70;7.063007643;80.44231898
1.71E12;1.71E12;"Hutch";"LTE";70;7.063407817;80.47551892
1.71E12;1.71E12;"Hutch";"LTE";70;7.063608071;80.69711921
1.71E12;1.73E12;"Hutch";"LTE";70;7.063707572;80.49731911
1.71E12;1.71E12;"Hutch";"LTE";70;7.06400767;80.52931878
1.71E12;1.73E12;"Hutch";"LTE";70;7.064107804;80.50901851
1.71E12;1.71E12;"Hutch";"LTE";70;7.064307627;80.66641885
1.71E12;1.73E12;"Hutch";"LTE";70;7.064307701;80.58041862
1.71E12;1.72E12;"Hutch";"LTE";70;7.065608184;80.47171895
1.71E12;1.71E12;"Hutch";"LTE";70;7.065708114;80.4973191
1.71E12;1.71E12;"Hutch";"LTE";70;7.066008001;80.53151899
1.71E12;1.73E12;"Hutch";"LTE";70;7.06810777;80.53881877
1.71E12;1.73E12;"Hutch";"LTE";70;7.068108073;80.56431841
1.71E12;1.71E12;"Hutch";"LTE";70;7.068307787;80.45611926
1.64E12;1.64E12;"Hutch";"LTE";70;7.0688079;81.23691885
1.68E12;1.68E12;"Hutch";"LTE";70;7.069008053;81.61991889
1.68E12;1.68E12;"Hutch";"LTE";70;7.069207831;81.62771846
1.66E12;1.66E12;"Hutch";"LTE";70;7.069607881;81.41421909
1.69E12;1.69E12;"Hutch";"LTE";70;7.06960805;80.95581864
1.64E12;1.66E12;"Airtel";"LTE";70;7.069808275;81.39271851
1.64E12;1.66E12;"Airtel";"LTE";70;7.069907881;81.37521919
1.64E12;1.66E12;"Airtel";"LTE";70;7.070108407;81.37281917
1.64E12;1.64E12;"Airtel";"LTE";70;7.070208317;81.30931893
1.64E12;1.64E12;"Airtel";"LTE";70;7.070308015;81.30901853
1.64E12;1.64E12;"Airtel";"LTE";70;7.071608114;81.2241191
1.64E12;1.64E12;"Airtel";"LTE";70;7.071708411;81.32331914
1.64E12;1.66E12;"Airtel";"LTE";70;7.071808021;81.3752184
1.64E12;1.64E12;"Airtel";"LTE";70;7.072108033;81.29701859
1.64E12;1.64E12;"Airtel";"LTE";70;7.072807758;81.36421859
1.64E12;1.64E12;"Airtel";"LTE";70;7.073308096;81.20451848
1.64E12;1.64E12;"Airtel";"LTE";70;7.073308403;81.36191839
1.64E12;1.64E12;"Airtel";"LTE";70;7.073408356;81.27831861
1.64E12;1.64E12;"Airtel";"LTE";70;7.073508077;81.2754191
1.65E12;1.66E12;"Airtel";"LTE";70;7.073608344;81.40031859
1.64E12;1.64E12;"Airtel";"LTE";70;7.074108398;81.32051908
1.65E12;1.66E12;"Airtel";"LTE";70;7.074207642;81.38651874
1.64E12;1.66E12;"Airtel";"LTE";70;7.074307682;81.37481912
1.64E12;1.66E12;"Airtel";"LTE";70;7.074707938;81.3749192
1.64E12;1.64E12;"Airtel";"LTE";70;7.074708174;81.17711908
1.68E12;1.68E12;"Airtel";"LTE";70;6.909200775;81.67300075
1.71E12;1.73E12;"Airtel";"LTE";70;7.07550837;80.18621861
1.71E12;1.73E12;"Airtel";"LTE";70;7.075608417;80.19351868
1.71E12;1.73E12;"Airtel";"LTE";70;7.076408351;80.1993188
1.71E12;1.71E12;"Airtel";"LTE";70;7.076507988;80.52631849
1.71E12;1.73E12;"Airtel";"LTE";70;7.076807598;80.17421848
1.71E12;1.73E12;"Airtel";"LTE";70;7.076908085;80.17661858
1.71E12;1.73E12;"Airtel";"LTE";70;7.077207601;80.17871844
1.71E12;1.73E12;"Airtel";"LTE";70;7.077307945;80.17771849
1.71E12;1.73E12;"Airtel";"LTE";70;7.077308044;80.18211845
1.7E12;1.73E12;"Airtel";"LTE";70;7.077508087;80.1742188
1.71E12;1.73E12;"Airtel";"LTE";70;7.077908132;80.17501926
1.71E12;1.73E12;"Airtel";"LTE";70;7.078208309;80.20311874
1.71E12;1.73E12;"Airtel";"LTE";70;7.078208421;80.19101916
1.67E12;1.73E12;"Airtel";"LTE";70;7.078507619;80.19671926
1.67E12;1.73E12;"Airtel";"LTE";70;7.078608115;80.19641852
1.67E12;1.73E12;"Airtel";"LTE";70;7.078707682;80.1961188
1.71E12;1.73E12;"Airtel";"LTE";70;7.078707771;80.20301881
1.71E12;1.73E12;"Airtel";"LTE";70;7.078707973;80.20921911
1.71E12;1.73E12;"Airtel";"LTE";70;7.079007555;80.20211843
1.71E12;1.73E12;"Airtel";"LTE";70;7.079007754;80.20921872
1.71E12;1.73E12;"Airtel";"LTE";70;7.079608341;80.20021854
1.71E12;1.73E12;"Airtel";"LTE";70;7.079707638;80.21071871
1.71E12;1.71E12;"Airtel";"LTE";70;7.079808358;80.43291904
1.72E12;1.72E12;"Airtel";"LTE";70;7.080107695;80.14971847
1.71E12;1.73E12;"Airtel";"LTE";70;7.080208032;80.18931878
1.71E12;1.73E12;"Airtel";"LTE";70;7.080407812;80.1908189
1.67E12;1.73E12;"Airtel";"LTE";70;7.080708145;80.19621867
1.71E12;1.73E12;"Airtel";"LTE";70;7.082007857;80.18221886
1.71E12;1.73E12;"Airtel";"LTE";70;7.082008036;80.18421915
1.57E12;1.57E12;"Dialog";"GSM";70;7.082107618;81.36261894
1.58E12;1.58E12;"Dialog";"GSM";70;7.082908213;80.54571883
1.64E12;1.64E12;"Dialog";"GSM";70;7.083407975;80.43141918
1.58E12;1.58E12;"Dialog";"GSM";70;7.083808105;80.54581845
1.63E12;1.66E12;"Dialog";"GSM";70;7.084308108;81.4989185
1.72E12;1.72E12;"Dialog";"GSM";70;7.084607634;80.21491892
1.63E12;1.63E12;"Dialog";"GSM";70;7.084708318;81.29191917
1.59E12;1.59E12;"Dialog";"GSM";70;7.085708213;81.31421851
1.57E12;1.57E12;"Dialog";"GSM";70;7.085907855;81.36911925
1.64E12;1.64E12;"Dialog";"GSM";70;6.919800714;81.72850013
1.57E12;1.57E12;"Dialog";"GSM";70;7.086808163;80.95001894
1.57E12;1.57E12;"Dialog";"GSM";70;7.087008408;81.31241886
1.57E12;1.63E12;"Dialog";"GSM";70;7.087108103;81.34011883
1.71E12;1.72E12;"Dialog";"GSM";70;7.087407995;80.21421841
1.57E12;1.57E12;"Dialog";"GSM";70;7.08740802;80.18351915
1.72E12;1.72E12;"Dialog";"GSM";70;7.087408301;80.20311876
1.73E12;1.73E12;"Dialog";"GSM";70;7.087608389;80.1782191
1.57E12;1.57E12;"Dialog";"GSM";70;7.08840831;80.85601923
1.63E12;1.63E12;"Dialog";"GSM";70;7.088607848;81.62681913
1.37E12;1.37E12;"Dialog";"GSM";70;7.0888081;80.17901889
1.73E12;1.73E12;"Dialog";"GSM";70;7.089607917;80.19631864
1.43E12;1.43E12;"Dialog";"GSM";70;6.9244002;81.75040047
1.73E12;1.73E12;"Dialog";"GSM";70;7.091207682;80.19661906
1.72E12;1.72E12;"Dialog";"GSM";70;7.09120812;80.19761884
1.57E12;1.57E12;"Dialog";"GSM";70;7.092407897;80.70851889
1.57E12;1.57E12;"Dialog";"GSM";70;7.093307857;80.69491865
1.57E12;1.57E12;"Dialog";"GSM";70;7.093807959;80.74841896
1.57E12;1.57E12;"Dialog";"GSM";70;7.093907995;80.76281912
1.57E12;1.57E12;"Dialog";"GSM";70;7.093908072;80.32951875
1.73E12;1.73E12;"Dialog";"GSM";70;7.094007899;80.17921862
1.57E12;1.57E12;"Dialog";"GSM";70;7.094008339;81.07141854
1.73E12;1.73E12;"Dialog";"GSM";70;7.094008359;80.17921908
1.57E12;1.57E12;"Dialog";"GSM";70;7.094208117;80.94731922
1.57E12;1.57E12;"Dialog";"GSM";70;7.094408345;80.9501184
1.57E12;1.57E12;"Dialog";"GSM";70;7.094507934;80.96331871
1.57E12;1.57E12;"Dialog";"GSM";70;7.0947076;80.95041921
1.57E12;1.57E12;"Dialog";"GSM";70;7.09500814;80.96141901
1.57E12;1.57E12;"Dialog";"GSM";70;7.095407589;80.96461839
1.73E12;1.73E12;"Dialog";"GSM";70;7.095508022;80.48381873
1.72E12;1.72E12;"Dialog";"GSM";70;7.096708314;80.28801919
1.71E12;1.72E12;"Dialog";"GSM";70;7.096708426;80.2745192
1.71E12;1.73E12;"Dialog";"GSM";70;7.097308001;80.32161912
1.71E12;1.72E12;"Dialog";"GSM";70;7.09740784;80.28431906
1.72E12;1.72E12;"Dialog";"GSM";70;7.097707573;80.2529192
1.71E12;1.72E12;"Dialog";"GSM";70;7.098007719;80.24051862
1.71E12;1.72E12;"Dialog";"GSM";70;7.098208308;80.2428186
1.71E12;1.71E12;"Dialog";"GSM";70;7.098607848;80.27821916
1.58E12;1.58E12;"Dialog";"GSM";70;7.099908202;80.54571848
1.61E12;1.62E12;"Dialog";"GSM";70;7.100007885;80.14001926
1.61E12;1.62E12;"Dialog";"GSM";70;7.10020788;80.13991856
1.72E12;1.72E12;"Mobitel";"GSM";70;7.101108332;80.19491882
1.73E12;1.73E12;"Mobitel";"GSM";70;7.103508359;80.17441862
1.73E12;1.73E12;"Mobitel";"GSM";70;7.104208168;80.19091841
1.71E12;1.73E12;"Mobitel";"GSM";70;7.104307971;80.19151847
1.72E12;1.72E12;"Mobitel";"GSM";70;7.104408198;80.19481859
1.34E12;1.34E12;"Mobitel";"GSM";70;7.104808364;80.20831846
1.72E12;1.72E12;"Mobitel";"GSM";70;7.104907652;80.18241886
1.7E12;1.73E12;"Mobitel";"GSM";70;7.105007589;80.20981883
1.73E12;1.73E12;"Mobitel";"GSM";70;7.105607765;80.19151926
1.7E12;1.71E12;"Mobitel";"GSM";70;7.105707759;80.19721851
1.36E12;1.36E12;"Mobitel";"GSM";70;7.107008011;80.17831915
1.72E12;1.72E12;"Mobitel";"GSM";70;7.107008316;80.1947187
1.72E12;1.72E12;"Mobitel";"GSM";70;7.107208366;80.1824187
1.73E12;1.73E12;"Mobitel";"GSM";70;7.108108293;80.19151845
1.72E12;1.73E12;"Mobitel";"GSM";70;7.109907886;80.73161854
1.72E12;1.73E12;"Mobitel";"GSM";70;7.110407708;80.73201842
1.38E12;1.38E12;"Mobitel";"GSM";70;7.110407806;80.68811911
1.72E12;1.73E12;"Mobitel";"GSM";70;7.110607731;80.73251891
1.72E12;1.72E12;"Mobitel";"GSM";70;7.111308417;80.73161879
1.72E12;1.73E12;"Mobitel";"GSM";70;7.112607808;80.82871866
1.38E12;1.38E12;"Mobitel";"GSM";70;7.113407555;80.68811853
1.34E12;1.34E12;"Mobitel";"GSM";70;7.113508278;80.50691917
1.34E12;1.34E12;"Mobitel";"GSM";70;7.113808344;80.16781905
1.7E12;1.7E12;"Mobitel";"GSM";70;7.113908015;80.22831926
1.73E12;1.73E12;"Mobitel";"GSM";70;7.114208102;80.31721908
1.73E12;1.73E12;"Mobitel";"GSM";70;7.116308337;80.31721869
1.34E12;1.34E12;"Mobitel";"GSM";70;7.116308392;80.19621859
1.34E12;1.34E12;"Mobitel";"GSM";70;7.117207767;80.23191851
1.34E12;1.34E12;"Mobitel";"GSM";70;7.117307601;80.26301855
1.37E12;1.37E12;"Mobitel";"GSM";70;7.118308059;80.33951865
1.69E12;1.7E12;"Mobitel";"GSM";70;7.12070767;80.36491869
1.61E12;1.61E12;"Mobitel";"GSM";70;7.12090833;80.31021894
1.69E12;1.69E12;"Mobitel";"GSM";70;7.122707756;80.31901903
1.61E12;1.61E12;"Mobitel";"GSM";70;7.122708027;80.33731921
1.54E12;1.55E12;"Mobitel";"GSM";70;7.122708181;80.5587191
1.71E12;1.71E12;"Mobitel";"GSM";70;7.122708299;80.3836189
1.54E12;1.54E12;"Mobitel";"GSM";70;7.122708416;80.53601898
1.73E12;1.73E12;"Mobitel";"GSM";70;7.122807567;80.53871881
1.71E12;1.71E12;"Mobitel";"GSM";70;7.122808192;80.32951866
1.71E12;1.73E12;"Mobitel";"GSM";70;7.122808247;80.53051905
1.7E12;1.72E12;"Mobitel";"GSM";70;7.122907563;80.52821894
1.55E12;1.55E12;"Mobitel";"GSM";70;7.127707658;80.65411864
1.71E12;1.72E12;"Mobitel";"GSM";70;7.127708177;80.50741857
1.71E12;1.71E12;"Mobitel";"GSM";70;7.127708371;80.51711915
1.71E12;1.72E12;"Mobitel";"GSM";70;7.128007731;80.471819
1.54E12;1.54E12;"Mobitel";"GSM";70;7.128307871;80.58731872
1.71E12;1.73E12;"Mobitel";"GSM";70;7.129208355;80.58111896
1.54E12;1.54E12;"Mobitel";"GSM";70;7.130607723;80.54861857
1.71E12;1.71E12;"Mobitel";"GSM";70;7.1308076;80.52861895
1.54E12;1.54E12;"Mobitel";"GSM";70;7.131407977;80.54331886
1.55E12;1.55E12;"Hutch";"GSM";70;7.131508112;81.27581907
1.55E12;1.55E12;"Hutch";"GSM";70;7.131808395;81.27591865
1.55E12;1.55E12;"Hutch";"GSM";70;7.132108426;81.27591892
1.55E12;1.55E12;"Hutch";"GSM";70;7.133607667;81.27591841
1.55E12;1.55E12;"Hutch";"GSM";70;7.13370836;81.2759191
1.55E12;1.55E12;"Hutch";"GSM";70;7.134308138;81.27581913
1.55E12;1.55E12;"Hutch";"GSM";70;7.135107893;81.27591862
1.55E12;1.55E12;"Hutch";"GSM";70;7.136208325;81.27591882
1.55E12;1.55E12;"Hutch";"GSM";70;7.136308369;81.27591896
1.55E12;1.55E12;"Hutch";"GSM";70;7.13660786;81.27581897
1.55E12;1.55E12;"Hutch";"GSM";70;7.136708075;81.27591909
1.55E12;1.55E12;"Hutch";"GSM";70;7.136808192;81.27591856
1.55E12;1.55E12;"Hutch";"GSM";70;7.137108095;81.27591866
1.55E12;1.55E12;"Hutch";"GSM";70;7.14000798;81.27591858
1.64E12;1.64E12;"Hutch";"GSM";70;7.141408409;81.56281856
1.64E12;1.64E12;"Hutch";"GSM";70;7.14580795;81.56271903
1.65E12;1.66E12;"Hutch";"GSM";70;7.151008297;81.57821922
1.64E12;1.64E12;"Hutch";"GSM";70;7.151207608;81.56281914
1.69E12;1.69E12;"Hutch";"GSM";70;7.151208279;81.21981862
1.69E12;1.7E12;"Hutch";"GSM";70;7.152807822;81.27681879
1.69E12;1.7E12;"Hutch";"GSM";70;7.152908225;81.27671893
1.64E12;1.64E12;"Hutch";"GSM";70;7.15320756;81.2379191
1.69E12;1.69E12;"Hutch";"GSM";70;7.154407616;80.95481913
1.68E12;1.68E12;"Hutch";"GSM";70;7.154608204;81.07751902
1.69E12;1.69E12;"Hutch";"GSM";70;7.155107905;80.9527189
1.7E12;1.7E12;"Hutch";"GSM";70;7.156407797;81.26671909
1.71E12;1.73E12;"Hutch";"GSM";70;7.15640782;80.81811883
1.68E12;1.68E12;"Hutch";"GSM";70;7.156408372;81.39341884
1.68E12;1.68E12;"Hutch";"GSM";70;7.156507632;81.40851902
1.68E12;1.68E12;"Hutch";"GSM";70;7.156907773;81.38981851
1.68E12;1.68E12;"Hutch";"GSM";70;7.158007986;81.63791915
1.65E12;1.65E12;"Hutch";"GSM";70;7.160908117;81.0077187
1.71E12;1.71E12;"Hutch";"GSM";70;7.163508156;80.53931886
1.71E12;1.71E12;"Hutch";"GSM";70;7.165007972;80.53011884
1.71E12;1.72E12;"Hutch";"GSM";70;7.165607675;80.56361873
1.71E12;1.71E12;"Hutch";"GSM";70;7.168407696;80.53981866
1.71E12;1.72E12;"Hutch";"GSM";70;7.169008303;80.50751868
1.71E12;1.72E12;"Hutch";"GSM";70;7.169608388;80.50751879
1.71E12;1.72E12;"Hutch";"GSM";70;7.169707992;80.50741877
1.71E12;1.71E12;"Hutch";"GSM";70;7.169708104;80.51911856
1.71E12;1.72E12;"Hutch";"GSM";70;7.169708385;80.52421921
1.71E12;1.71E12;"Hutch";"GSM";70;7.169807695;80.77441876
1.73E12;1.73E12;"Hutch";"GSM";70;7.170407595;80.91111902
1.65E12;1.65E12;"Hutch";"GSM";70;7.18080834;80.63351839
1.71E12;1.71E12;"Hutch";"GSM";70;7.186207766;80.53011843
1.71E12;1.71E12;"Hutch";"GSM";70;7.187107841;80.81761867
1.71E12;1.71E12;"Hutch";"GSM";70;7.188707677;80.8173192
1.71E12;1.71E12;"Hutch";"GSM";70;7.206207995;80.81741865
1.71E12;1.71E12;"Hutch";"GSM";70;7.206308105;80.81941847
1.71E12;1.71E12;"Hutch";"GSM";70;7.206308213;80.75671916
1.72E12;1.73E12;"Airtel";"GSM";70;7.217607697;80.21031896
1.72E12;1.73E12;"Airtel";"GSM";70;7.242907601;80.21021858
1.7E12;1.7E12;"Airtel";"GSM";70;7.24610793;80.16861887
1.7E12;1.7E12;"Airtel";"GSM";70;7.292408192;80.29201867
1.7E12;1.7E12;"Airtel";"GSM";70;7.309808253;80.28921908
1.73E12;1.73E12;"Airtel";"GSM";70;7.316807748;80.19171843
1.71E12;1.72E12;"Airtel";"GSM";70;7.32830776;80.20921852
1.7E12;1.73E12;"Airtel";"GSM";70;7.329507726;80.2101189
1.71E12;1.73E12;"Airtel";"GSM";70;7.352007973;80.22581902
1.7E12;1.73E12;"Airtel";"GSM";70;7.366307927;80.21011875
1.72E12;1.73E12;"Airtel";"GSM";70;7.374608266;80.21011899
1.73E12;1.73E12;"Airtel";"GSM";70;7.37650763;80.19151898
1.73E12;1.73E12;"Airtel";"GSM";70;7.377208216;80.19201879
1.73E12;1.73E12;"Airtel";"GSM";70;7.377807911;80.21941913
1.72E12;1.72E12;"Airtel";"GSM";70;7.382807829;80.24831891
1.72E12;1.73E12;"Airtel";"GSM";70;7.384807844;80.20691877
1.71E12;1.73E12;"Airtel";"GSM";70;7.388507975;80.21011894
1.72E12;1.72E12;"Airtel";"GSM";70;7.392808327;80.17641867
1.64E12;1.64E12;"Airtel";"GSM";70;7.233300866;81.74290091
1.66E12;1.67E12;"Airtel";"GSM";70;7.401908132;80.50671871
1.72E12;1.72E12;"Airtel";"GSM";70;7.405607888;80.17691862
1.61E12;1.61E12;"Airtel";"GSM";70;7.405907716;80.18861926
1.72E12;1.72E12;"Airtel";"GSM";70;7.410907898;80.17641876
1.72E12;1.72E12;"Airtel";"GSM";70;7.412108329;80.17641914
1.72E12;1.72E12;"Airtel";"GSM";70;7.41280789;80.17631856
1.73E12;1.73E12;"Airtel";"GSM";70;7.420008047;80.19161888
1.72E12;1.72E12;"Airtel";"GSM";70;7.42080804;80.18141909
1.73E12;1.73E12;"Airtel";"GSM";70;7.423907639;80.17941875
1.73E12;1.73E12;"Airtel";"GSM";70;7.423907921;80.17851865
1.72E12;1.72E12;"Airtel";"GSM";70;7.424007693;80.181419
1.66E12;1.67E12;"Airtel";"GSM";70;7.425207921;80.51051914
1.72E12;1.72E12;"Airtel";"GSM";70;7.426207676;80.18141873
1.73E12;1.73E12;"Airtel";"GSM";70;7.426407937;80.17891898
1.72E12;1.73E12;"Airtel";"GSM";70;7.428408397;80.17851919
1.7E12;1.7E12;"Airtel";"GSM";70;7.46000758;80.21961899
1.7E12;1.7E12;"Airtel";"GSM";70;7.461707837;80.29591882
1.7E12;1.7E12;"Airtel";"GSM";70;7.461708135;80.28871848
1.72E12;1.72E12;"Airtel";"GSM";70;7.461708259;80.18141862
1.33E12;1.33E12;"Airtel";"GSM";70;7.46170839;80.2379189
1.45E12;1.7E12;"Airtel";"GSM";70;7.46420756;80.35171908
1.73E12;1.73E12;"Airtel";"GSM";70;7.46670835;80.39301887
1.63E12;1.63E12;"Airtel";"GSM";70;7.467707821;81.46561851
1.7E12;1.7E12;"Airtel";"GSM";70;7.475707707;80.16931915
1.58E12;1.58E12;"Airtel";"GSM";70;7.488008096;80.5879184
1.58E12;1.58E12;"Airtel";"GSM";70;7.515307596;80.53301848
1.58E12;1.58E12;"Airtel";"GSM";70;7.524108317;80.6469185
1.59E12;1.59E12;"Airtel";"GSM";70;7.358000466;81.72210028
1.59E12;1.59E12;"Airtel";"GSM";70;7.358900372;81.72210053
1.58E12;1.58E12;"Airtel";"GSM";70;7.534007974;80.53291898
1.59E12;1.59E12;"Airtel";"GSM";70;7.381800798;81.72200078
1.61E12;1.61E12;"Airtel";"UMTS";70;7.565008276;80.20131886
1.58E12;1.58E12;"Airtel";"UMTS";70;7.414700238;80.30170096
1.58E12;1.58E12;"Airtel";"UMTS";70;7.466300663;80.23530047
1.63E12;1.65E12;"Airtel";"UMTS";70;7.49150099;81.66850094
1.61E12;1.61E12;"Airtel";"UMTS";70;7.499400604;80.02620043
1.58E12;1.58E12;"Airtel";"UMTS";70;7.511200717;80.28170051
1.58E12;1.58E12;"Airtel";"UMTS";70;7.52240062;80.29830061
1.6E12;1.6E12;"Airtel";"UMTS";70;7.525900229;81.08750034
1.54E12;1.54E12;"Airtel";"UMTS";70;7.535800464;80.53640078
1.64E12;1.64E12;"Airtel";"UMTS";70;7.537500854;80.90850027
1.61E12;1.61E12;"Airtel";"UMTS";70;7.53750089;80.5754003
1.63E12;1.65E12;"Airtel";"UMTS";70;7.537600376;81.22960057
1.56E12;1.56E12;"Airtel";"UMTS";70;7.537600603;79.95990092
1.61E12;1.61E12;"Airtel";"UMTS";70;7.540800322;79.86950068
1.58E12;1.58E12;"Airtel";"UMTS";70;7.540900417;80.3397007
1.57E12;1.57E12;"Airtel";"UMTS";70;7.541700211;80.46120061
1.52E12;1.52E12;"Airtel";"UMTS";70;7.54240091;80.11800042
1.41E12;1.41E12;"Airtel";"UMTS";70;7.543300559;80.4858004
1.58E12;1.58E12;"Airtel";"UMTS";70;7.543900345;80.23300046
1.58E12;1.58E12;"Airtel";"UMTS";70;7.544200649;80.32680017
1.41E12;1.41E12;"Airtel";"UMTS";70;7.544200924;80.06420079
1.41E12;1.41E12;"Airtel";"UMTS";70;7.545400122;80.06420038
1.41E12;1.41E12;"Airtel";"UMTS";70;7.546500522;80.06420047
1.63E12;1.63E12;"Airtel";"UMTS";70;7.547200286;80.09480043
1.45E12;1.45E12;"Airtel";"UMTS";70;7.549200565;80.03650042
1.45E12;1.45E12;"Airtel";"UMTS";70;7.553400683;80.03410075
1.64E12;1.64E12;"Airtel";"UMTS";70;7.553500572;80.90850052
1.56E12;1.58E12;"Airtel";"UMTS";70;7.574900686;80.32750011
1.42E12;1.42E12;"Hutch";"UMTS";70;7.575000548;79.83310057
1.37E12;1.43E12;"Hutch";"UMTS";70;7.578800666;81.69100028
1.54E12;1.54E12;"Hutch";"UMTS";70;7.578800903;80.45040083
1.38E12;1.38E12;"Hutch";"UMTS";70;7.622600325;81.02820013
1.5E12;1.5E12;"Hutch";"UMTS";70;7.622700499;79.85300034
1.37E12;1.37E12;"Hutch";"UMTS";70;7.622900917;81.68400096
1.53E12;1.53E12;"Hutch";"UMTS";70;7.724800368;80.31050048
1.71E12;1.71E12;"Hutch";"UMTS";70;7.72660056;80.49720025
1.71E12;1.71E12;"Hutch";"UMTS";70;7.732200491;80.49730063
1.71E12;1.71E12;"Hutch";"UMTS";70;7.740300604;80.49750025
1.71E12;1.71E12;"Hutch";"UMTS";70;7.79970022;80.49720092
1.71E12;1.71E12;"Hutch";"UMTS";70;7.799800241;80.49730098
1.49E12;1.49E12;"Hutch";"UMTS";70;7.799800522;79.87810021
1.69E12;1.69E12;"Hutch";"UMTS";70;7.849200163;80.95770039
1.69E12;1.69E12;"Hutch";"UMTS";70;7.85160063;80.95770022
1.68E12;1.68E12;"Hutch";"UMTS";70;7.90210089;80.75570019
1.68E12;1.68E12;"Hutch";"UMTS";70;7.943700686;80.75570017
1.68E12;1.68E12;"Hutch";"UMTS";70;7.943700958;80.73610072
1.68E12;1.68E12;"Hutch";"UMTS";70;7.95670095;80.73610043
1.7E12;1.7E12;"Hutch";"UMTS";70;7.957200446;80.9476002
1.68E12;1.68E12;"Hutch";"UMTS";70;7.957200903;81.30600024
1.68E12;1.68E12;"Hutch";"UMTS";70;8.001200375;81.31050068
1.68E12;1.68E12;"Hutch";"UMTS";70;8.002100737;81.08200027
1.68E12;1.68E12;"Hutch";"UMTS";70;8.002200756;81.10500065
1.68E12;1.68E12;"Hutch";"UMTS";70;8.005200371;81.3207007
1.68E12;1.68E12;"Hutch";"UMTS";70;8.03930065;81.30090084
1.68E12;1.68E12;"Hutch";"UMTS";70;8.080300283;81.30090069
1.68E12;1.68E12;"Hutch";"UMTS";70;8.080300759;81.30080033
1.68E12;1.68E12;"Hutch";"UMTS";70;8.140100501;81.30080082
1.71E12;1.71E12;"Hutch";"UMTS";70;8.140100794;80.22750028
1.71E12;1.71E12;"Hutch";"UMTS";70;8.14020068;80.22100046
1.71E12;1.71E12;"Hutch";"UMTS";70;8.140300346;80.21090021
1.71E12;1.71E12;"Hutch";"UMTS";70;8.140300888;80.25640023
1.71E12;1.71E12;"Hutch";"UMTS";70;8.295300871;80.23600024
1.71E12;1.71E12;"Hutch";"UMTS";70;8.313700203;80.21090017
1.71E12;1.71E12;"Hutch";"UMTS";70;8.325600419;80.22610088
1.71E12;1.72E12;"Hutch";"UMTS";70;8.3256008;80.24710052
1.71E12;1.71E12;"Hutch";"UMTS";70;8.358100389;80.20160014
1.71E12;1.71E12;"Hutch";"UMTS";70;8.387900977;80.20520038
1.71E12;1.71E12;"Hutch";"UMTS";70;8.727600601;80.22510046
1.71E12;1.71E12;"Hutch";"UMTS";70;8.981500273;80.22800066
1.71E12;1.72E12;"Hutch";"UMTS";70;9.407100284;80.17840057
1.71E12;1.71E12;"Hutch";"UMTS";70;9.691500617;80.19390073
1.71E12;1.71E12;"Hutch";"UMTS";70;9.695800323;80.18840083
1.71E12;1.71E12;"Hutch";"UMTS";70;9.759400464;80.19030099
1.71E12;1.71E12;"Hutch";"UMTS";70;9.759400857;80.1894008
1.6481334279630945E12;1.664847409510291E12;"Dialog";"GSM";70;6.792039409;80.02599542
1.6481334279630945E12;1.664847409510291E12;"Dialog";"GSM";70;6.668403659;80.05326802
1.6481334279630945E12;1.664847409510291E12;"Dialog";"GSM";70;6.452041096;80.06417705
1.6481334279630945E12;1.664847409510291E12;"Dialog";"GSM";70;6.812039309;81.01326325
1.6481334279630945E12;1.664847409510291E12;"Dialog";"GSM";70;6.695676251;80.64053783
1.6481334279630945E12;1.664847409510291E12;"Dialog";"GSM";70;6.137497203;80.60781072
1.6481334279630945E12;1.664847409510291E12;"Dialog";"GSM";70;6.104770092;80.42781161
1.6481334279630945E12;1.664847409510291E12;"Dialog";"GSM";70;6.735676052;81.32780714
1.6481334279630945E12;1.664847409510291E12;"Dialog";"GSM";70;6.573858673;80.93326365
1.6481334279630945E12;1.664847409510291E12;"Dialog";"GSM";70;6.048406736;80.7423555
1.6481334279630945E12;1.664847409510291E12;"Dialog";"GSM";70;5.99931607;80.48599314
1.6481334279630945E12;1.664847409510291E12;"Dialog";"GSM";70;6.073861155;80.33872114
1.6481334279630945E12;1.664847409510291E12;"Dialog";"GSM";70;7.148401276;79.9878138
1.6481334279630945E12;1.664847409510291E12;"Dialog";"GSM";70;6.913856986;79.99690466
1.6481334279630945E12;1.664847409510291E12;"Dialog";"GSM";70;6.830221037;79.9405413
1.6481334279630945E12;1.664847409510291E12;"Dialog";"GSM";70;6.801130273;80.81326424
1.6481334279630945E12;1.664847409510291E12;"Dialog";"GSM";70;6.593858574;81.52962432
1.6481334279630945E12;1.664847409510291E12;"Dialog";"GSM";70;6.450222923;80.51144756
1.6481334279630945E12;1.664847409510291E12;"Dialog";"GSM";70;6.108406438;80.85326405
1.6481334279630945E12;1.664847409510291E12;"Dialog";"GSM";70;6.475677342;81.53507884
1.6481334279630945E12;1.664847409510291E12;"Dialog";"GSM";70;6.5520406;81.39871588
1.6481334279630945E12;1.664847409510291E12;"Dialog";"GSM";70;6.612040302;81.07871747
1.6481334279630945E12;1.664847409510291E12;"Dialog";"GSM";70;6.650221931;80.98599066
1.6481334279630945E12;1.664847409510291E12;"Dialog";"GSM";70;6.566585982;80.73144647
1.6481334279630945E12;1.664847409510291E12;"Dialog";"GSM";70;6.146588067;81.02599046
1.6481334279630945E12;1.664847409510291E12;"Dialog";"GSM";70;6.161133449;80.76599175
1.6481334279630945E12;1.664847409510291E12;"Dialog";"GSM";70;6.542949736;79.98235928
1.6481334279630945E12;1.664847409510291E12;"Dialog";"GSM";70;6.488404552;80.01872273
1.6481334279630945E12;1.664847409510291E12;"Dialog";"GSM";70;7.930215578;80.01554093
1.6481334279630945E12;1.664847409510291E12;"Dialog";"GSM";70;8.162941696;79.94281402
1.6481334279630945E12;1.664847409510291E12;"Dialog";"GSM";70;7.75567099;80.04099535
1.6481334279630945E12;1.664847409510291E12;"Dialog";"GSM";70;6.999311107;79.95008671
1.61E12;1.62E12;"Dialog";"UMTS";70;6.8547535;79.87436581
1.53E12;1.53E12;"Dialog";"UMTS";70;6.887653726;80.00926567
1.59E12;1.59E12;"Dialog";"UMTS";70;6.887753198;79.98686582
1.53E12;1.53E12;"Dialog";"UMTS";70;6.887753563;80.03036556
1.57E12;1.57E12;"Dialog";"UMTS";70;6.887753715;79.92766555
1.55E12;1.73E12;"Mobitel";"LTE";70;6.887753928;79.90316519
1.7E12;1.73E12;"Mobitel";"LTE";70;6.887753936;79.9076657
1.7E12;1.72E12;"Mobitel";"LTE";70;6.887753992;79.91786544
1.7E12;1.73E12;"Mobitel";"LTE";70;6.898553191;79.92806604
1.71E12;1.73E12;"Mobitel";"LTE";70;6.901553916;79.93056579
1.55E12;1.73E12;"Mobitel";"LTE";70;6.90205387;79.91236531
1.7E12;1.73E12;"Mobitel";"LTE";70;6.902353626;79.91476536
1.71E12;1.73E12;"Mobitel";"LTE";70;6.902653693;79.92206575
1.7E12;1.73E12;"Mobitel";"LTE";70;6.902653698;79.92896559
1.66E12;1.73E12;"Mobitel";"LTE";70;6.902653859;79.91896566
1.73E12;1.73E12;"Mobitel";"LTE";70;6.902853742;79.92616528
1.66E12;1.73E12;"Mobitel";"LTE";70;6.903954004;79.9155657
1.7E12;1.72E12;"Mobitel";"LTE";70;6.904553502;79.92926596
1.71E12;1.73E12;"Mobitel";"LTE";70;6.904753662;79.92066574
1.55E12;1.71E12;"Mobitel";"LTE";70;6.906553327;79.91676537
1.73E12;1.73E12;"Mobitel";"LTE";70;6.908953816;79.92316567
1.7E12;1.73E12;"Mobitel";"LTE";70;6.913453259;79.93096604
1.7E12;1.73E12;"Mobitel";"LTE";70;6.91715384;79.94216598
1.57E12;1.73E12;"Mobitel";"LTE";70;6.92195349;79.90856537
1.66E12;1.73E12;"Mobitel";"LTE";70;6.92405364;79.92256555
1.7E12;1.73E12;"Mobitel";"LTE";70;6.924053719;79.91196547
1.57E12;1.73E12;"Mobitel";"LTE";70;6.924053823;79.91796587
1.71E12;1.73E12;"Mobitel";"LTE";70;6.924053837;79.91686533
1.7E12;1.73E12;"Mobitel";"LTE";70;6.932653766;79.92356542
1.57E12;1.73E12;"Mobitel";"LTE";70;6.943453916;79.9217655
1.71E12;1.72E12;"Mobitel";"LTE";70;6.946753297;79.92466566
1.57E12;1.73E12;"Mobitel";"LTE";70;6.947753439;79.93146526
1.7E12;1.73E12;"Mobitel";"LTE";70;6.948453785;79.93146551
1.57E12;1.73E12;"Mobitel";"LTE";70;6.95005321;79.93236594
1.71E12;1.73E12;"Mobitel";"LTE";70;6.950053217;79.93146601
1.7E12;1.73E12;"Mobitel";"LTE";70;6.950053236;79.92326554
1.7E12;1.73E12;"Mobitel";"LTE";70;6.950053744;79.92846571
1.73E12;1.73E12;"Mobitel";"LTE";70;6.950053951;79.923766
1.71E12;1.73E12;"Mobitel";"LTE";70;6.95095361;79.9372656
1.7E12;1.73E12;"Mobitel";"LTE";70;6.955453794;79.92476586
1.7E12;1.72E12;"Mobitel";"LTE";70;6.956553881;79.92616562
1.7E12;1.73E12;"Mobitel";"LTE";70;6.957653784;79.94986532
1.71E12;1.73E12;"Mobitel";"LTE";70;6.959453141;79.90096559
1.61E12;1.73E12;"Mobitel";"LTE";70;6.961253764;79.94446556
1.73E12;1.73E12;"Mobitel";"LTE";70;6.961353129;79.92026554
1.57E12;1.73E12;"Mobitel";"LTE";70;6.961353335;79.91806581
1.57E12;1.72E12;"Mobitel";"LTE";70;6.968953809;79.92236544
1.71E12;1.73E12;"Mobitel";"LTE";70;6.969053832;79.92736528
1.7E12;1.72E12;"Mobitel";"LTE";70;6.96985325;79.93036575
1.71E12;1.72E12;"Mobitel";"LTE";70;6.970453725;79.93586541
1.7E12;1.72E12;"Mobitel";"LTE";70;6.971253838;79.91606593
1.71E12;1.72E12;"Mobitel";"LTE";70;6.971353246;79.93696566
1.71E12;1.73E12;"Mobitel";"LTE";70;6.971653189;79.92996532
1.7E12;1.73E12;"Mobitel";"LTE";70;6.972053799;79.94146562
1.71E12;1.71E12;"Mobitel";"LTE";70;6.972153377;79.93816539
1.73E12;1.73E12;"Dialog";"LTE";70;6.973253512;79.94386579
1.73E12;1.73E12;"Dialog";"LTE";70;6.97385337;79.94436564
1.73E12;1.73E12;"Dialog";"LTE";70;6.979953567;79.92686575
1.73E12;1.73E12;"Dialog";"LTE";70;6.983953945;79.93176553
1.73E12;1.73E12;"Dialog";"LTE";70;6.987453618;79.93656539
1.56E12;1.56E12;"Dialog";"LTE";70;6.987553509;80.03416584
1.56E12;1.56E12;"Dialog";"LTE";70;6.989353919;80.00336537
1.56E12;1.56E12;"Dialog";"LTE";70;6.990653506;79.95906519
1.56E12;1.56E12;"Dialog";"LTE";70;6.990953667;80.00236584
1.56E12;1.56E12;"Dialog";"LTE";70;6.991553548;79.96276527
1.56E12;1.56E12;"Dialog";"LTE";70;6.991553574;79.96076562
1.73E12;1.73E12;"Dialog";"LTE";70;6.991553589;79.92826575
1.73E12;1.73E12;"Dialog";"LTE";70;7.00195351;79.9005659
1.49E12;1.73E12;"Dialog";"LTE";70;7.002053531;79.90576571
1.7E12;1.73E12;"Dialog";"LTE";70;7.002453307;79.91286564
1.57E12;1.73E12;"Dialog";"LTE";70;7.002453985;79.90886529
1.71E12;1.73E12;"Dialog";"LTE";70;7.00385371;79.91476544
1.7E12;1.73E12;"Dialog";"LTE";70;7.004253521;79.91336524
1.7E12;1.73E12;"Dialog";"LTE";70;7.004653138;79.91816584
1.71E12;1.73E12;"Dialog";"LTE";70;7.005053943;79.91336521
1.71E12;1.73E12;"Dialog";"LTE";70;7.005153558;79.91086591
1.71E12;1.73E12;"Dialog";"LTE";70;7.007353867;79.92126534
1.49E12;1.73E12;"Dialog";"LTE";70;7.00785315;79.90656587
1.7E12;1.73E12;"Dialog";"LTE";70;7.009153198;79.91696562
1.49E12;1.73E12;"Dialog";"LTE";70;7.00985319;79.90496547
1.49E12;1.73E12;"Dialog";"LTE";70;7.009853242;79.91086534
1.57E12;1.73E12;"Dialog";"LTE";70;7.009853305;79.91216588
1.49E12;1.73E12;"Dialog";"LTE";70;7.010753468;79.90966599
1.49E12;1.73E12;"Dialog";"LTE";70;7.011653712;79.90946578
1.71E12;1.73E12;"Dialog";"LTE";70;7.012153637;79.91516577
1.49E12;1.49E12;"Dialog";"LTE";70;7.012653541;79.90466595
1.7E12;1.73E12;"Dialog";"LTE";70;7.013153451;79.92346536
1.71E12;1.73E12;"Dialog";"LTE";70;7.013953984;79.92096539
1.72E12;1.72E12;"Dialog";"LTE";70;7.014253701;79.94056587
1.57E12;1.73E12;"Dialog";"LTE";70;7.015353669;79.91576535
1.71E12;1.73E12;"Dialog";"LTE";70;7.017853356;79.93106528
1.7E12;1.73E12;"Dialog";"LTE";70;7.017953274;79.92626567
1.49E12;1.73E12;"Dialog";"LTE";70;7.017953421;79.90216576
1.57E12;1.73E12;"Dialog";"LTE";70;7.018353174;79.90906592
1.52E12;1.73E12;"Dialog";"LTE";70;7.018853669;79.93066583
1.7E12;1.73E12;"Dialog";"LTE";70;7.019353524;79.90846552
1.49E12;1.73E12;"Dialog";"LTE";70;7.019553987;79.90716574
1.7E12;1.73E12;"Dialog";"LTE";70;7.021453327;79.93396566
1.49E12;1.73E12;"Dialog";"LTE";70;7.02285341;79.90586534
1.73E12;1.73E12;"Dialog";"LTE";70;7.024753673;79.93436548
1.71E12;1.73E12;"Airtel";"LTE";70;7.050053951;79.92076538
1.71E12;1.73E12;"Airtel";"LTE";70;7.050153998;79.92806545
1.71E12;1.73E12;"Airtel";"LTE";70;7.050953932;79.93386557
1.71E12;1.73E12;"Airtel";"LTE";70;7.051353179;79.90876525
1.71E12;1.73E12;"Airtel";"LTE";70;7.051453666;79.91116535
1.71E12;1.73E12;"Airtel";"LTE";70;7.051753182;79.91326521
1.71E12;1.73E12;"Airtel";"LTE";70;7.051853526;79.91226526
1.71E12;1.73E12;"Airtel";"LTE";70;7.051853625;79.91666522
1.7E12;1.73E12;"Airtel";"LTE";70;7.052053668;79.90876557
1.71E12;1.73E12;"Airtel";"LTE";70;7.052453713;79.90956603
1.71E12;1.73E12;"Airtel";"LTE";70;7.05275389;79.93766551
1.71E12;1.73E12;"Airtel";"LTE";70;7.052754002;79.92556593
1.67E12;1.73E12;"Airtel";"LTE";70;7.0530532;79.93126603
1.67E12;1.73E12;"Airtel";"LTE";70;7.053153696;79.93096529
1.67E12;1.73E12;"Airtel";"LTE";70;7.053253263;79.93066557
1.71E12;1.73E12;"Airtel";"LTE";70;7.053253352;79.93756558
1.71E12;1.73E12;"Airtel";"LTE";70;7.053253554;79.94376588
1.71E12;1.73E12;"Airtel";"LTE";70;7.053553136;79.9366652
1.71E12;1.73E12;"Airtel";"LTE";70;7.053553335;79.94376549
1.71E12;1.73E12;"Airtel";"LTE";70;7.054153922;79.93476531
1.71E12;1.73E12;"Airtel";"LTE";70;7.054253219;79.94526548
1.72E12;1.72E12;"Airtel";"LTE";70;7.054653276;79.88426524
1.71E12;1.73E12;"Airtel";"LTE";70;7.054753613;79.92386555
1.71E12;1.73E12;"Airtel";"LTE";70;7.054953393;79.92536567
1.67E12;1.73E12;"Airtel";"LTE";70;7.055253726;79.93076544
1.71E12;1.73E12;"Airtel";"LTE";70;7.056553438;79.91676563
1.71E12;1.73E12;"Airtel";"LTE";70;7.056553617;79.91876592
1.72E12;1.72E12;"Dialog";"GSM";70;7.059153215;79.94946569
1.71E12;1.72E12;"Dialog";"GSM";70;7.061953576;79.94876518
1.57E12;1.57E12;"Dialog";"GSM";70;7.061953601;79.91806592
1.72E12;1.72E12;"Dialog";"GSM";70;7.061953882;79.93766553
1.73E12;1.73E12;"Dialog";"GSM";70;7.06215397;79.91276587
1.37E12;1.37E12;"Dialog";"GSM";70;7.063353681;79.91356566
1.73E12;1.73E12;"Dialog";"GSM";70;7.064153498;79.93086541
1.73E12;1.73E12;"Dialog";"GSM";70;7.065753263;79.93116583
1.72E12;1.72E12;"Dialog";"GSM";70;7.065753701;79.93216561
1.73E12;1.73E12;"Dialog";"GSM";70;7.06855348;79.91376539
1.73E12;1.73E12;"Dialog";"GSM";70;7.06855394;79.91376585
1.72E12;1.72E12;"Dialog";"GSM";70;7.071253895;80.02256596
1.71E12;1.72E12;"Dialog";"GSM";70;7.071254007;80.00906597
1.71E12;1.72E12;"Dialog";"GSM";70;7.071953421;80.01886583
1.72E12;1.72E12;"Dialog";"GSM";70;7.072253154;79.98746597
1.71E12;1.72E12;"Dialog";"GSM";70;7.0725533;79.97506539
1.71E12;1.72E12;"Dialog";"GSM";70;7.072753889;79.97736537
1.71E12;1.71E12;"Dialog";"GSM";70;7.073153429;80.01276593
1.61E12;1.62E12;"Dialog";"GSM";70;7.074553466;79.87456603
1.61E12;1.62E12;"Dialog";"GSM";70;7.074753461;79.87446533
1.72E12;1.72E12;"Mobitel";"GSM";70;7.075653913;79.92946559
1.73E12;1.73E12;"Mobitel";"GSM";70;7.07805394;79.90896539
1.73E12;1.73E12;"Mobitel";"GSM";70;7.078753749;79.92546518
1.71E12;1.73E12;"Mobitel";"GSM";70;7.078853552;79.92606524
1.72E12;1.72E12;"Mobitel";"GSM";70;7.078953779;79.92936536
1.34E12;1.34E12;"Mobitel";"GSM";70;7.079353945;79.94286523
1.72E12;1.72E12;"Mobitel";"GSM";70;7.079453233;79.91696563
1.7E12;1.73E12;"Mobitel";"GSM";70;7.07955317;79.9443656
1.73E12;1.73E12;"Mobitel";"GSM";70;7.080153346;79.92606603
1.7E12;1.71E12;"Mobitel";"GSM";70;7.08025334;79.93176528
1.36E12;1.36E12;"Mobitel";"GSM";70;7.081553592;79.91286592
1.72E12;1.72E12;"Mobitel";"GSM";70;7.081553897;79.92926547
1.72E12;1.72E12;"Mobitel";"GSM";70;7.081753947;79.91696547
1.73E12;1.73E12;"Mobitel";"GSM";70;7.082653874;79.92606522
1.34E12;1.34E12;"Mobitel";"GSM";70;7.088353925;79.90236582
1.7E12;1.7E12;"Mobitel";"GSM";70;7.088453596;79.96286603
1.34E12;1.34E12;"Mobitel";"GSM";70;7.090853973;79.93076536
1.34E12;1.34E12;"Mobitel";"GSM";70;7.091753348;79.96646528
1.34E12;1.34E12;"Mobitel";"GSM";70;7.091853182;79.99756532
1.61E12;1.62E12;"Dialog";"UMTS";70;7.105661346;79.88527485
1.53E12;1.53E12;"Dialog";"UMTS";70;7.138561572;80.02017471
1.59E12;1.59E12;"Dialog";"UMTS";70;7.138661044;79.99777486
1.53E12;1.53E12;"Dialog";"UMTS";70;7.138661409;80.0412746
1.57E12;1.57E12;"Dialog";"UMTS";70;7.138661561;79.93857459
1.55E12;1.73E12;"Mobitel";"LTE";70;7.138661774;79.91407423
1.7E12;1.73E12;"Mobitel";"LTE";70;7.138661782;79.91857474
1.7E12;1.72E12;"Mobitel";"LTE";70;7.138661838;79.92877448
1.7E12;1.73E12;"Mobitel";"LTE";70;7.149461037;79.93897508
1.71E12;1.73E12;"Mobitel";"LTE";70;7.152461762;79.94147483
1.55E12;1.73E12;"Mobitel";"LTE";70;7.152961716;79.92327435
1.7E12;1.73E12;"Mobitel";"LTE";70;7.153261472;79.9256744
1.71E12;1.73E12;"Mobitel";"LTE";70;7.153561539;79.93297479
1.7E12;1.73E12;"Mobitel";"LTE";70;7.153561544;79.93987463
1.66E12;1.73E12;"Mobitel";"LTE";70;7.153561705;79.9298747
1.73E12;1.73E12;"Mobitel";"LTE";70;7.153761588;79.93707432
1.66E12;1.73E12;"Mobitel";"LTE";70;7.15486185;79.92647474
1.7E12;1.72E12;"Mobitel";"LTE";70;7.155461348;79.940175
1.71E12;1.73E12;"Mobitel";"LTE";70;7.155661508;79.93157478
1.55E12;1.71E12;"Mobitel";"LTE";70;7.157461173;79.92767441
1.73E12;1.73E12;"Mobitel";"LTE";70;7.159861662;79.93407471
1.7E12;1.73E12;"Mobitel";"LTE";70;7.164361105;79.94187508
1.7E12;1.73E12;"Mobitel";"LTE";70;7.168061686;79.95307502
1.57E12;1.73E12;"Mobitel";"LTE";70;7.172861336;79.91947441
1.66E12;1.73E12;"Mobitel";"LTE";70;7.174961486;79.93347459
1.7E12;1.73E12;"Mobitel";"LTE";70;7.174961565;79.92287451
1.57E12;1.73E12;"Mobitel";"LTE";70;7.174961669;79.92887491
1.71E12;1.73E12;"Mobitel";"LTE";70;7.174961683;79.92777437
1.7E12;1.73E12;"Mobitel";"LTE";70;7.183561612;79.93447446
1.57E12;1.73E12;"Mobitel";"LTE";70;7.194361762;79.93267454
1.71E12;1.72E12;"Mobitel";"LTE";70;7.197661143;79.9355747
1.57E12;1.73E12;"Mobitel";"LTE";70;7.198661285;79.9423743
1.7E12;1.73E12;"Mobitel";"LTE";70;7.199361631;79.94237455
1.57E12;1.73E12;"Mobitel";"LTE";70;7.200961056;79.94327498
1.71E12;1.73E12;"Mobitel";"LTE";70;7.200961063;79.94237505
1.7E12;1.73E12;"Mobitel";"LTE";70;7.200961082;79.93417458
1.7E12;1.73E12;"Mobitel";"LTE";70;7.20096159;79.93937475
1.73E12;1.73E12;"Mobitel";"LTE";70;7.200961797;79.93467504
1.71E12;1.73E12;"Mobitel";"LTE";70;7.201861456;79.94817464
1.7E12;1.73E12;"Mobitel";"LTE";70;7.20636164;79.9356749
1.7E12;1.72E12;"Mobitel";"LTE";70;7.207461727;79.93707466
1.7E12;1.73E12;"Mobitel";"LTE";70;7.20856163;79.96077436
1.71E12;1.73E12;"Mobitel";"LTE";70;7.210360987;79.91187463
1.61E12;1.73E12;"Mobitel";"LTE";70;7.21216161;79.9553746
1.73E12;1.73E12;"Mobitel";"LTE";70;7.212260975;79.93117458
1.57E12;1.73E12;"Mobitel";"LTE";70;7.212261181;79.92897485
1.57E12;1.72E12;"Mobitel";"LTE";70;7.219861655;79.93327448
1.71E12;1.73E12;"Mobitel";"LTE";70;7.219961678;79.93827432
1.7E12;1.72E12;"Mobitel";"LTE";70;7.220761096;79.94127479
1.71E12;1.72E12;"Mobitel";"LTE";70;7.221361571;79.94677445
1.7E12;1.72E12;"Mobitel";"LTE";70;7.222161684;79.92697497
1.71E12;1.72E12;"Mobitel";"LTE";70;7.222261092;79.9478747
1.71E12;1.73E12;"Mobitel";"LTE";70;7.222561035;79.94087436
1.7E12;1.73E12;"Mobitel";"LTE";70;7.222961645;79.95237466
1.71E12;1.71E12;"Mobitel";"LTE";70;7.223061223;79.94907443
1.73E12;1.73E12;"Dialog";"LTE";70;7.224161358;79.95477483
1.73E12;1.73E12;"Dialog";"LTE";70;7.224761216;79.95527468
1.73E12;1.73E12;"Dialog";"LTE";70;7.230861413;79.93777479
1.73E12;1.73E12;"Dialog";"LTE";70;7.234861791;79.94267457
1.73E12;1.73E12;"Dialog";"LTE";70;7.238361464;79.94747443
1.56E12;1.56E12;"Dialog";"LTE";70;7.238461355;80.04507488
1.56E12;1.56E12;"Dialog";"LTE";70;7.240261765;80.01427441
1.56E12;1.56E12;"Dialog";"LTE";70;7.241561352;79.96997423
1.56E12;1.56E12;"Dialog";"LTE";70;7.241861513;80.01327488
1.56E12;1.56E12;"Dialog";"LTE";70;7.242461394;79.97367431
1.56E12;1.56E12;"Dialog";"LTE";70;7.24246142;79.97167466
1.73E12;1.73E12;"Dialog";"LTE";70;7.242461435;79.93917479
1.73E12;1.73E12;"Dialog";"LTE";70;7.252861356;79.91147494
1.49E12;1.73E12;"Dialog";"LTE";70;7.252961377;79.91667475
1.7E12;1.73E12;"Dialog";"LTE";70;7.253361153;79.92377468
1.57E12;1.73E12;"Dialog";"LTE";70;7.253361831;79.91977433
1.71E12;1.73E12;"Dialog";"LTE";70;7.254761556;79.92567448
1.7E12;1.73E12;"Dialog";"LTE";70;7.255161367;79.92427428
1.7E12;1.73E12;"Dialog";"LTE";70;7.255560984;79.92907488
1.71E12;1.73E12;"Dialog";"LTE";70;7.255961789;79.92427425
1.71E12;1.73E12;"Dialog";"LTE";70;7.256061404;79.92177495
1.71E12;1.73E12;"Dialog";"LTE";70;7.258261713;79.93217438
1.49E12;1.73E12;"Dialog";"LTE";70;7.258760996;79.91747491
1.7E12;1.73E12;"Dialog";"LTE";70;7.260061044;79.92787466
1.49E12;1.73E12;"Dialog";"LTE";70;7.260761036;79.91587451
1.49E12;1.73E12;"Dialog";"LTE";70;7.260761088;79.92177438
1.57E12;1.73E12;"Dialog";"LTE";70;7.260761151;79.92307492
1.49E12;1.73E12;"Dialog";"LTE";70;7.261661314;79.92057503
1.49E12;1.73E12;"Dialog";"LTE";70;7.262561558;79.92037482
1.71E12;1.73E12;"Dialog";"LTE";70;7.263061483;79.92607481
1.49E12;1.49E12;"Dialog";"LTE";70;7.263561387;79.91557499
1.7E12;1.73E12;"Dialog";"LTE";70;7.264061297;79.9343744
1.71E12;1.73E12;"Dialog";"LTE";70;7.26486183;79.93187443
1.72E12;1.72E12;"Dialog";"LTE";70;7.265161547;79.95147491
1.57E12;1.73E12;"Dialog";"LTE";70;7.266261515;79.92667439
1.71E12;1.73E12;"Dialog";"LTE";70;7.268761202;79.94197432
1.7E12;1.73E12;"Dialog";"LTE";70;7.26886112;79.93717471
1.49E12;1.73E12;"Dialog";"LTE";70;7.268861267;79.9130748
1.57E12;1.73E12;"Dialog";"LTE";70;7.26926102;79.91997496
1.52E12;1.73E12;"Dialog";"LTE";70;7.269761515;79.94157487
1.7E12;1.73E12;"Dialog";"LTE";70;7.27026137;79.91937456
1.49E12;1.73E12;"Dialog";"LTE";70;7.270461833;79.91807478
1.7E12;1.73E12;"Dialog";"LTE";70;7.272361173;79.9448747
1.49E12;1.73E12;"Dialog";"LTE";70;7.273761256;79.91677438
1.73E12;1.73E12;"Dialog";"LTE";70;7.275661519;79.94527452
1.71E12;1.73E12;"Airtel";"LTE";70;7.300961797;79.93167442
1.71E12;1.73E12;"Airtel";"LTE";70;7.301061844;79.93897449
1.71E12;1.73E12;"Airtel";"LTE";70;7.301861778;79.94477461
1.71E12;1.73E12;"Airtel";"LTE";70;7.302261025;79.91967429
1.71E12;1.73E12;"Airtel";"LTE";70;7.302361512;79.92207439
1.71E12;1.73E12;"Airtel";"LTE";70;7.302661028;79.92417425
1.71E12;1.73E12;"Airtel";"LTE";70;7.302761372;79.9231743
1.71E12;1.73E12;"Airtel";"LTE";70;7.302761471;79.92757426
1.7E12;1.73E12;"Airtel";"LTE";70;7.302961514;79.91967461
1.71E12;1.73E12;"Airtel";"LTE";70;7.303361559;79.92047507
1.71E12;1.73E12;"Airtel";"LTE";70;7.303661736;79.94857455
1.71E12;1.73E12;"Airtel";"LTE";70;7.303661848;79.93647497
1.67E12;1.73E12;"Airtel";"LTE";70;7.303961046;79.94217507
1.67E12;1.73E12;"Airtel";"LTE";70;7.304061542;79.94187433
1.67E12;1.73E12;"Airtel";"LTE";70;7.304161109;79.94157461
1.71E12;1.73E12;"Airtel";"LTE";70;7.304161198;79.94847462
1.71E12;1.73E12;"Airtel";"LTE";70;7.3041614;79.95467492
1.71E12;1.73E12;"Airtel";"LTE";70;7.304460982;79.94757424
1.71E12;1.73E12;"Airtel";"LTE";70;7.304461181;79.95467453
1.71E12;1.73E12;"Airtel";"LTE";70;7.305061768;79.94567435
1.71E12;1.73E12;"Airtel";"LTE";70;7.305161065;79.95617452
1.72E12;1.72E12;"Airtel";"LTE";70;7.305561122;79.89517428
1.71E12;1.73E12;"Airtel";"LTE";70;7.305661459;79.93477459
1.71E12;1.73E12;"Airtel";"LTE";70;7.305861239;79.93627471
1.67E12;1.73E12;"Airtel";"LTE";70;7.306161572;79.94167448
1.71E12;1.73E12;"Airtel";"LTE";70;7.307461284;79.92767467
1.71E12;1.73E12;"Airtel";"LTE";70;7.307461463;79.92967496
1.72E12;1.72E12;"Dialog";"GSM";70;7.310061061;79.96037473
1.71E12;1.72E12;"Dialog";"GSM";70;7.312861422;79.95967422
1.57E12;1.57E12;"Dialog";"GSM";70;7.312861447;79.92897496
1.72E12;1.72E12;"Dialog";"GSM";70;7.312861728;79.94857457
1.73E12;1.73E12;"Dialog";"GSM";70;7.313061816;79.92367491
1.37E12;1.37E12;"Dialog";"GSM";70;7.314261527;79.9244747
1.73E12;1.73E12;"Dialog";"GSM";70;7.315061344;79.94177445
1.73E12;1.73E12;"Dialog";"GSM";70;7.316661109;79.94207487
1.72E12;1.72E12;"Dialog";"GSM";70;7.316661547;79.94307465
1.73E12;1.73E12;"Dialog";"GSM";70;7.319461326;79.92467443
1.73E12;1.73E12;"Dialog";"GSM";70;7.319461786;79.92467489
1.72E12;1.72E12;"Dialog";"GSM";70;7.322161741;80.033475
1.71E12;1.72E12;"Dialog";"GSM";70;7.322161853;80.01997501
1.71E12;1.72E12;"Dialog";"GSM";70;7.322861267;80.02977487
1.72E12;1.72E12;"Dialog";"GSM";70;7.323161;79.99837501
1.71E12;1.72E12;"Dialog";"GSM";70;7.323461146;79.98597443
1.71E12;1.72E12;"Dialog";"GSM";70;7.323661735;79.98827441
1.71E12;1.71E12;"Dialog";"GSM";70;7.324061275;80.02367497
1.61E12;1.62E12;"Dialog";"GSM";70;7.325461312;79.88547507
1.61E12;1.62E12;"Dialog";"GSM";70;7.325661307;79.88537437
1.72E12;1.72E12;"Mobitel";"GSM";70;7.326561759;79.94037463
1.73E12;1.73E12;"Mobitel";"GSM";70;7.328961786;79.91987443
1.73E12;1.73E12;"Mobitel";"GSM";70;7.329661595;79.93637422
1.71E12;1.73E12;"Mobitel";"GSM";70;7.329761398;79.93697428
1.72E12;1.72E12;"Mobitel";"GSM";70;7.329861625;79.9402744
1.34E12;1.34E12;"Mobitel";"GSM";70;7.330261791;79.95377427
1.72E12;1.72E12;"Mobitel";"GSM";70;7.330361079;79.92787467
1.7E12;1.73E12;"Mobitel";"GSM";70;7.330461016;79.95527464
1.73E12;1.73E12;"Mobitel";"GSM";70;7.331061192;79.93697507
1.7E12;1.71E12;"Mobitel";"GSM";70;7.331161186;79.94267432
1.36E12;1.36E12;"Mobitel";"GSM";70;7.332461438;79.92377496
1.72E12;1.72E12;"Mobitel";"GSM";70;7.332461743;79.94017451
1.72E12;1.72E12;"Mobitel";"GSM";70;7.332661793;79.92787451
1.73E12;1.73E12;"Mobitel";"GSM";70;7.33356172;79.93697426
1.34E12;1.34E12;"Mobitel";"GSM";70;7.339261771;79.91327486
1.7E12;1.7E12;"Mobitel";"GSM";70;7.339361442;79.97377507
1.34E12;1.34E12;"Mobitel";"GSM";70;7.341761819;79.9416744
1.34E12;1.34E12;"Mobitel";"GSM";70;7.342661194;79.97737432
1.34E12;1.34E12;"Mobitel";"GSM";70;7.342761028;80.00847436
1.68E12;1.68E12;"Hutch";"LTE";70;6.695873674;80.39914841
1.69E12;1.69E12;"Hutch";"LTE";70;6.705973491;80.50854813
1.57E12;1.57E12;"Dialog";"GSM";70;6.723173604;80.50274843
1.57E12;1.57E12;"Dialog";"GSM";70;6.724773751;80.40874872
1.57E12;1.57E12;"Dialog";"GSM";70;6.7301734;80.30114845
1.57E12;1.57E12;"Dialog";"GSM";70;6.730273436;80.31554861
1.57E12;1.57E12;"Dialog";"GSM";70;6.730573558;80.50004871
1.57E12;1.57E12;"Dialog";"GSM";70;6.730773786;80.50284789
1.57E12;1.57E12;"Dialog";"GSM";70;6.730873375;80.5160482
1.57E12;1.57E12;"Dialog";"GSM";70;6.731073041;80.5031487
1.57E12;1.57E12;"Dialog";"GSM";70;6.731373581;80.5141485
1.57E12;1.57E12;"Dialog";"GSM";70;6.73177303;80.51734788
1.72E12;1.73E12;"Mobitel";"GSM";70;6.748973249;80.38144815
1.69E12;1.69E12;"Hutch";"GSM";70;6.790773057;80.50754862
1.69E12;1.69E12;"Hutch";"GSM";70;6.791473346;80.50544839
1.71E12;1.73E12;"Hutch";"GSM";70;6.792773261;80.37084832
1.71E12;1.71E12;"Hutch";"GSM";70;6.806173136;80.32714825
1.73E12;1.73E12;"Hutch";"GSM";70;6.806773036;80.46384851
1.71E12;1.71E12;"Hutch";"GSM";70;6.823473282;80.37034816
1.71E12;1.71E12;"Hutch";"GSM";70;6.825073118;80.37004869
1.71E12;1.71E12;"Hutch";"GSM";70;6.842573436;80.37014814
1.71E12;1.71E12;"Hutch";"GSM";70;6.842673546;80.37214796
1.71E12;1.71E12;"Hutch";"GSM";70;6.842673654;80.30944865
1.68E12;1.68E12;"Hutch";"LTE";70;6.794055005;81.1955081
1.69E12;1.69E12;"Hutch";"LTE";70;6.804154822;81.30490782
1.57E12;1.57E12;"Dialog";"GSM";70;6.821354935;81.29910812
1.57E12;1.57E12;"Dialog";"GSM";70;6.822955082;81.20510841
1.57E12;1.57E12;"Dialog";"GSM";70;6.828354731;81.09750814
1.57E12;1.57E12;"Dialog";"GSM";70;6.828454767;81.1119083
1.57E12;1.57E12;"Dialog";"GSM";70;6.828754889;81.2964084
1.57E12;1.57E12;"Dialog";"GSM";70;6.828955117;81.29920758
1.57E12;1.57E12;"Dialog";"GSM";70;6.829054706;81.31240789
1.57E12;1.57E12;"Dialog";"GSM";70;6.829254372;81.29950839
1.57E12;1.57E12;"Dialog";"GSM";70;6.829554912;81.31050819
1.57E12;1.57E12;"Dialog";"GSM";70;6.829954361;81.31370757
1.72E12;1.73E12;"Mobitel";"GSM";70;6.84715458;81.17780784
1.69E12;1.69E12;"Hutch";"GSM";70;6.888954388;81.30390831
1.69E12;1.69E12;"Hutch";"GSM";70;6.889654677;81.30180808
1.71E12;1.73E12;"Hutch";"GSM";70;6.890954592;81.16720801
1.71E12;1.71E12;"Hutch";"GSM";70;6.904354467;81.12350794
1.73E12;1.73E12;"Hutch";"GSM";70;6.904954367;81.2602082
1.71E12;1.71E12;"Hutch";"GSM";70;6.921654613;81.16670785
1.71E12;1.71E12;"Hutch";"GSM";70;6.923254449;81.16640838
1.71E12;1.71E12;"Hutch";"GSM";70;6.940754767;81.16650783
1.71E12;1.71E12;"Hutch";"GSM";70;6.940854877;81.16850765
1.71E12;1.71E12;"Hutch";"GSM";70;6.940854985;81.10580834
1.68E12;1.68E12;"Hutch";"LTE";70;6.226785093;81.03550889
1.69E12;1.69E12;"Hutch";"LTE";70;6.23688491;81.14490861
1.57E12;1.57E12;"Dialog";"GSM";70;6.254085023;81.13910891
1.57E12;1.57E12;"Dialog";"GSM";70;6.25568517;81.0451092
1.57E12;1.57E12;"Dialog";"GSM";70;6.261084819;80.93750893
1.57E12;1.57E12;"Dialog";"GSM";70;6.261184855;80.95190909
1.57E12;1.57E12;"Dialog";"GSM";70;6.261484977;81.13640919
1.57E12;1.57E12;"Dialog";"GSM";70;6.261685205;81.13920837
1.57E12;1.57E12;"Dialog";"GSM";70;6.261784794;81.15240868
1.57E12;1.57E12;"Dialog";"GSM";70;6.26198446;81.13950918
1.57E12;1.57E12;"Dialog";"GSM";70;6.262285;81.15050898
1.57E12;1.57E12;"Dialog";"GSM";70;6.262684449;81.15370836
1.72E12;1.73E12;"Mobitel";"GSM";70;6.279884668;81.01780863
1.69E12;1.69E12;"Hutch";"GSM";70;6.321684476;81.1439091
1.69E12;1.69E12;"Hutch";"GSM";70;6.322384765;81.14180887
1.71E12;1.73E12;"Hutch";"GSM";70;6.32368468;81.0072088
1.71E12;1.71E12;"Hutch";"GSM";70;6.337084555;80.96350873
1.73E12;1.73E12;"Hutch";"GSM";70;6.337684455;81.10020899
1.71E12;1.71E12;"Hutch";"GSM";70;6.354384701;81.00670864
1.71E12;1.71E12;"Hutch";"GSM";70;6.355984537;81.00640917
1.71E12;1.71E12;"Hutch";"GSM";70;6.373484855;81.00650862
1.71E12;1.71E12;"Hutch";"GSM";70;6.373584965;81.00850844
1.71E12;1.71E12;"Hutch";"GSM";70;6.373585073;80.94580913
1.68E12;1.68E12;"Hutch";"LTE";70;6.615874071;81.53005189
1.69E12;1.69E12;"Hutch";"LTE";70;6.625973888;81.63945161
1.57E12;1.57E12;"Dialog";"GSM";70;6.643174001;81.63365191
1.57E12;1.57E12;"Dialog";"GSM";70;6.644774148;81.5396522
1.57E12;1.57E12;"Dialog";"GSM";70;6.650173797;81.43205193
1.57E12;1.57E12;"Dialog";"GSM";70;6.650273833;81.44645209
1.57E12;1.57E12;"Dialog";"GSM";70;6.650573955;81.63095219
1.57E12;1.57E12;"Dialog";"GSM";70;6.650774183;81.63375137
1.57E12;1.57E12;"Dialog";"GSM";70;6.650873772;81.64695168
1.57E12;1.57E12;"Dialog";"GSM";70;6.651073438;81.63405218
1.57E12;1.57E12;"Dialog";"GSM";70;6.651373978;81.64505198
1.57E12;1.57E12;"Dialog";"GSM";70;6.651773427;81.64825136
1.72E12;1.73E12;"Mobitel";"GSM";70;6.668973646;81.51235163
1.69E12;1.69E12;"Hutch";"GSM";70;6.710773454;81.6384521
1.69E12;1.69E12;"Hutch";"GSM";70;6.711473743;81.63635187
1.71E12;1.73E12;"Hutch";"GSM";70;6.712773658;81.5017518
1.71E12;1.71E12;"Hutch";"GSM";70;6.726173533;81.45805173
1.73E12;1.73E12;"Hutch";"GSM";70;6.726773433;81.59475199
1.71E12;1.71E12;"Hutch";"GSM";70;6.743473679;81.50125164
1.71E12;1.71E12;"Hutch";"GSM";70;6.745073515;81.50095217
1.71E12;1.71E12;"Hutch";"GSM";70;6.762573833;81.50105162
1.71E12;1.71E12;"Hutch";"GSM";70;6.762673943;81.50305144
1.71E12;1.71E12;"Hutch";"GSM";70;6.762674051;81.44035213
1.68E12;1.68E12;"Hutch";"LTE";70;7.630414491;81.42096152
1.69E12;1.69E12;"Hutch";"LTE";70;7.640514308;81.53036124
1.57E12;1.57E12;"Dialog";"GSM";70;7.657714421;81.52456154
1.57E12;1.57E12;"Dialog";"GSM";70;7.659314568;81.43056183
1.57E12;1.57E12;"Dialog";"GSM";70;7.664714217;81.32296156
1.57E12;1.57E12;"Dialog";"GSM";70;7.664814253;81.33736172
1.57E12;1.57E12;"Dialog";"GSM";70;7.665114375;81.52186182
1.57E12;1.57E12;"Dialog";"GSM";70;7.665314603;81.524661
1.57E12;1.57E12;"Dialog";"GSM";70;7.665414192;81.53786131
1.57E12;1.57E12;"Dialog";"GSM";70;7.665613858;81.52496181
1.57E12;1.57E12;"Dialog";"GSM";70;7.665914398;81.53596161
1.57E12;1.57E12;"Dialog";"GSM";70;7.666313847;81.53916099
1.72E12;1.73E12;"Mobitel";"GSM";70;7.683514066;81.40326126
1.69E12;1.69E12;"Hutch";"GSM";70;7.725313874;81.52936173
1.69E12;1.69E12;"Hutch";"GSM";70;7.726014163;81.5272615
1.71E12;1.73E12;"Hutch";"GSM";70;7.727314078;81.39266143
1.71E12;1.71E12;"Hutch";"GSM";70;7.740713953;81.34896136
1.73E12;1.73E12;"Hutch";"GSM";70;7.741313853;81.48566162
1.71E12;1.71E12;"Hutch";"GSM";70;7.758014099;81.39216127
1.71E12;1.71E12;"Hutch";"GSM";70;7.759613935;81.3918618
1.71E12;1.71E12;"Hutch";"GSM";70;7.777114253;81.39196125
1.71E12;1.71E12;"Hutch";"GSM";70;7.777214363;81.39396107
1.71E12;1.71E12;"Hutch";"GSM";70;7.777214471;81.33126176
1.68E12;1.68E12;"Hutch";"LTE";70;8.012230777;80.46460263
1.69E12;1.69E12;"Hutch";"LTE";70;8.022330594;80.57400235
1.57E12;1.57E12;"Dialog";"GSM";70;8.039530707;80.56820265
1.57E12;1.57E12;"Dialog";"GSM";70;8.041130854;80.47420294
1.57E12;1.57E12;"Dialog";"GSM";70;8.046530503;80.36660267
1.57E12;1.57E12;"Dialog";"GSM";70;8.046630539;80.38100283
1.57E12;1.57E12;"Dialog";"GSM";70;8.046930661;80.56550293
1.57E12;1.57E12;"Dialog";"GSM";70;8.047130889;80.56830211
1.57E12;1.57E12;"Dialog";"GSM";70;8.047230478;80.58150242
1.57E12;1.57E12;"Dialog";"GSM";70;8.047430144;80.56860292
1.57E12;1.57E12;"Dialog";"GSM";70;8.047730684;80.57960272
1.57E12;1.57E12;"Dialog";"GSM";70;8.048130133;80.5828021
1.72E12;1.73E12;"Mobitel";"GSM";70;8.065330352;80.44690237
1.69E12;1.69E12;"Hutch";"GSM";70;8.10713016;80.57300284
1.69E12;1.69E12;"Hutch";"GSM";70;8.107830449;80.57090261
1.71E12;1.73E12;"Hutch";"GSM";70;8.109130364;80.43630254
1.71E12;1.71E12;"Hutch";"GSM";70;8.122530239;80.39260247
1.73E12;1.73E12;"Hutch";"GSM";70;8.123130139;80.52930273
1.71E12;1.71E12;"Hutch";"GSM";70;8.139830385;80.43580238
1.71E12;1.71E12;"Hutch";"GSM";70;8.141430221;80.43550291
1.71E12;1.71E12;"Hutch";"GSM";70;8.158930539;80.43560236
1.71E12;1.71E12;"Hutch";"GSM";70;8.159030649;80.43760218
1.71E12;1.71E12;"Hutch";"GSM";70;8.159030757;80.37490287
1.68E12;1.68E12;"Hutch";"LTE";70;7.823140807;80.20278575
1.69E12;1.69E12;"Hutch";"LTE";70;7.833240624;80.31218547
1.57E12;1.57E12;"Dialog";"GSM";70;7.850440737;80.30638577
1.57E12;1.57E12;"Dialog";"GSM";70;7.852040884;80.21238606
1.57E12;1.57E12;"Dialog";"GSM";70;7.857440533;80.10478579
1.57E12;1.57E12;"Dialog";"GSM";70;7.857540569;80.11918595
1.57E12;1.57E12;"Dialog";"GSM";70;7.857840691;80.30368605
1.57E12;1.57E12;"Dialog";"GSM";70;7.858040919;80.30648523
1.57E12;1.57E12;"Dialog";"GSM";70;7.858140508;80.31968554
1.57E12;1.57E12;"Dialog";"GSM";70;7.858340174;80.30678604
1.57E12;1.57E12;"Dialog";"GSM";70;7.858640714;80.31778584
1.57E12;1.57E12;"Dialog";"GSM";70;7.859040163;80.32098522
1.72E12;1.73E12;"Mobitel";"GSM";70;7.876240382;80.18508549
1.69E12;1.69E12;"Hutch";"GSM";70;7.91804019;80.31118596
1.69E12;1.69E12;"Hutch";"GSM";70;7.918740479;80.30908573
1.71E12;1.73E12;"Hutch";"GSM";70;7.920040394;80.17448566
1.71E12;1.71E12;"Hutch";"GSM";70;7.933440269;80.13078559
1.73E12;1.73E12;"Hutch";"GSM";70;7.934040169;80.26748585
1.71E12;1.71E12;"Hutch";"GSM";70;7.950740415;80.1739855
1.71E12;1.71E12;"Hutch";"GSM";70;7.952340251;80.17368603
1.71E12;1.71E12;"Hutch";"GSM";70;7.969840569;80.17378548
1.71E12;1.71E12;"Hutch";"GSM";70;7.969940679;80.1757853
1.71E12;1.71E12;"Hutch";"GSM";70;7.969940787;80.11308599
1.68E12;1.68E12;"Hutch";"LTE";70;7.364961263;80.81005546
1.69E12;1.69E12;"Hutch";"LTE";70;7.37506108;80.91945518
1.57E12;1.57E12;"Dialog";"GSM";70;7.392261193;80.91365548
1.57E12;1.57E12;"Dialog";"GSM";70;7.39386134;80.81965577
1.57E12;1.57E12;"Dialog";"GSM";70;7.399260989;80.7120555
1.57E12;1.57E12;"Dialog";"GSM";70;7.399361025;80.72645566
1.57E12;1.57E12;"Dialog";"GSM";70;7.399661147;80.91095576
1.57E12;1.57E12;"Dialog";"GSM";70;7.399861375;80.91375494
1.57E12;1.57E12;"Dialog";"GSM";70;7.399960964;80.92695525
1.57E12;1.57E12;"Dialog";"GSM";70;7.40016063;80.91405575
1.57E12;1.57E12;"Dialog";"GSM";70;7.40046117;80.92505555
1.57E12;1.57E12;"Dialog";"GSM";70;7.400860619;80.92825493
1.72E12;1.73E12;"Mobitel";"GSM";70;7.418060838;80.7923552
1.69E12;1.69E12;"Hutch";"GSM";70;7.459860646;80.91845567
1.69E12;1.69E12;"Hutch";"GSM";70;7.460560935;80.91635544
1.71E12;1.73E12;"Hutch";"GSM";70;7.46186085;80.78175537
1.71E12;1.71E12;"Hutch";"GSM";70;7.475260725;80.7380553
1.73E12;1.73E12;"Hutch";"GSM";70;7.475860625;80.87475556
1.71E12;1.71E12;"Hutch";"GSM";70;7.492560871;80.78125521
1.71E12;1.71E12;"Hutch";"GSM";70;7.494160707;80.78095574
1.71E12;1.71E12;"Hutch";"GSM";70;7.511661025;80.78105519
1.71E12;1.71E12;"Hutch";"GSM";70;7.511761135;80.78305501
1.71E12;1.71E12;"Hutch";"GSM";70;7.511761243;80.7203557
1.68E12;1.68E12;"Hutch";"LTE";70;7.312234252;81.27187135
1.69E12;1.69E12;"Hutch";"LTE";70;7.322334069;81.38127107
1.57E12;1.57E12;"Dialog";"GSM";70;7.339534182;81.37547137
1.57E12;1.57E12;"Dialog";"GSM";70;7.341134329;81.28147166
1.57E12;1.57E12;"Dialog";"GSM";70;7.346533978;81.17387139
1.57E12;1.57E12;"Dialog";"GSM";70;7.346634014;81.18827155
1.57E12;1.57E12;"Dialog";"GSM";70;7.346934136;81.37277165
1.57E12;1.57E12;"Dialog";"GSM";70;7.347134364;81.37557083
1.57E12;1.57E12;"Dialog";"GSM";70;7.347233953;81.38877114
1.57E12;1.57E12;"Dialog";"GSM";70;7.347433619;81.37587164
1.57E12;1.57E12;"Dialog";"GSM";70;7.347734159;81.38687144
1.57E12;1.57E12;"Dialog";"GSM";70;7.348133608;81.39007082
1.72E12;1.73E12;"Mobitel";"GSM";70;7.365333827;81.25417109
1.69E12;1.69E12;"Hutch";"GSM";70;7.407133635;81.38027156
1.69E12;1.69E12;"Hutch";"GSM";70;7.407833924;81.37817133
1.71E12;1.73E12;"Hutch";"GSM";70;7.409133839;81.24357126
1.71E12;1.71E12;"Hutch";"GSM";70;7.422533714;81.19987119
1.73E12;1.73E12;"Hutch";"GSM";70;7.423133614;81.33657145
1.71E12;1.71E12;"Hutch";"GSM";70;7.43983386;81.2430711
1.71E12;1.71E12;"Hutch";"GSM";70;7.441433696;81.24277163
1.71E12;1.71E12;"Hutch";"GSM";70;7.458934014;81.24287108
1.71E12;1.71E12;"Hutch";"GSM";70;7.459034124;81.2448709
1.71E12;1.71E12;"Hutch";"GSM";70;7.459034232;81.18217159
1.68E12;1.68E12;"Hutch";"LTE";70;7.188598501;81.09005407
1.69E12;1.69E12;"Hutch";"LTE";70;7.198698318;81.19945379
1.57E12;1.57E12;"Dialog";"GSM";70;7.215898431;81.19365409
1.57E12;1.57E12;"Dialog";"GSM";70;7.217498578;81.09965438
1.57E12;1.57E12;"Dialog";"GSM";70;7.222898227;80.99205411
1.57E12;1.57E12;"Dialog";"GSM";70;7.222998263;81.00645427
1.57E12;1.57E12;"Dialog";"GSM";70;7.223298385;81.19095437
1.57E12;1.57E12;"Dialog";"GSM";70;7.223498613;81.19375355
1.57E12;1.57E12;"Dialog";"GSM";70;7.223598202;81.20695386
1.57E12;1.57E12;"Dialog";"GSM";70;7.223797868;81.19405436
1.57E12;1.57E12;"Dialog";"GSM";70;7.224098408;81.20505416
1.57E12;1.57E12;"Dialog";"GSM";70;7.224497857;81.20825354
1.72E12;1.73E12;"Mobitel";"GSM";70;7.241698076;81.07235381
1.69E12;1.69E12;"Hutch";"GSM";70;7.283497884;81.19845428
1.69E12;1.69E12;"Hutch";"GSM";70;7.284198173;81.19635405
1.71E12;1.73E12;"Hutch";"GSM";70;7.285498088;81.06175398
1.71E12;1.71E12;"Hutch";"GSM";70;7.298897963;81.01805391
1.73E12;1.73E12;"Hutch";"GSM";70;7.299497863;81.15475417
1.71E12;1.71E12;"Hutch";"GSM";70;7.316198109;81.06125382
1.71E12;1.71E12;"Hutch";"GSM";70;7.317797945;81.06095435
1.71E12;1.71E12;"Hutch";"GSM";70;7.335298263;81.0610538
1.71E12;1.71E12;"Hutch";"GSM";70;7.335398373;81.06305362
1.71E12;1.71E12;"Hutch";"GSM";70;7.335398481;81.00035431
1.68E12;1.68E12;"Hutch";"LTE";70;7.659505255;80.70278327
1.69E12;1.69E12;"Hutch";"LTE";70;7.669605072;80.81218299
1.57E12;1.57E12;"Dialog";"GSM";70;7.686805185;80.80638329
1.57E12;1.57E12;"Dialog";"GSM";70;7.688405332;80.71238358
1.57E12;1.57E12;"Dialog";"GSM";70;7.693804981;80.60478331
1.57E12;1.57E12;"Dialog";"GSM";70;7.693905017;80.61918347
1.57E12;1.57E12;"Dialog";"GSM";70;7.694205139;80.80368357
1.57E12;1.57E12;"Dialog";"GSM";70;7.694405367;80.80648275
1.57E12;1.57E12;"Dialog";"GSM";70;7.694504956;80.81968306
1.57E12;1.57E12;"Dialog";"GSM";70;7.694704622;80.80678356
1.57E12;1.57E12;"Dialog";"GSM";70;7.695005162;80.81778336
1.57E12;1.57E12;"Dialog";"GSM";70;7.695404611;80.82098274
1.72E12;1.73E12;"Mobitel";"GSM";70;7.71260483;80.68508301
1.69E12;1.69E12;"Hutch";"GSM";70;7.754404638;80.81118348
1.69E12;1.69E12;"Hutch";"GSM";70;7.755104927;80.80908325
1.71E12;1.73E12;"Hutch";"GSM";70;7.756404842;80.67448318
1.71E12;1.71E12;"Hutch";"GSM";70;7.769804717;80.63078311
1.73E12;1.73E12;"Hutch";"GSM";70;7.770404617;80.76748337
1.71E12;1.71E12;"Hutch";"GSM";70;7.787104863;80.67398302
1.71E12;1.71E12;"Hutch";"GSM";70;7.788704699;80.67368355
1.71E12;1.71E12;"Hutch";"GSM";70;7.806205017;80.673783
1.71E12;1.71E12;"Hutch";"GSM";70;7.806305127;80.67578282
1.71E12;1.71E12;"Hutch";"GSM";70;7.806305235;80.61308351
1.68E12;1.68E12;"Hutch";"LTE";70;7.51950595;80.56278396
1.69E12;1.69E12;"Hutch";"LTE";70;7.529605767;80.67218368
1.57E12;1.57E12;"Dialog";"GSM";70;7.54680588;80.66638398
1.57E12;1.57E12;"Dialog";"GSM";70;7.548406027;80.57238427
1.57E12;1.57E12;"Dialog";"GSM";70;7.553805676;80.464784
1.57E12;1.57E12;"Dialog";"GSM";70;7.553905712;80.47918416
1.57E12;1.57E12;"Dialog";"GSM";70;7.554205834;80.66368426
1.57E12;1.57E12;"Dialog";"GSM";70;7.554406062;80.66648344
1.57E12;1.57E12;"Dialog";"GSM";70;7.554505651;80.67968375
1.57E12;1.57E12;"Dialog";"GSM";70;7.554705317;80.66678425
1.57E12;1.57E12;"Dialog";"GSM";70;7.555005857;80.67778405
1.57E12;1.57E12;"Dialog";"GSM";70;7.555405306;80.68098343
1.72E12;1.73E12;"Mobitel";"GSM";70;7.572605525;80.5450837
1.69E12;1.69E12;"Hutch";"GSM";70;7.614405333;80.67118417
1.69E12;1.69E12;"Hutch";"GSM";70;7.615105622;80.66908394
1.71E12;1.73E12;"Hutch";"GSM";70;7.616405537;80.53448387
1.71E12;1.71E12;"Hutch";"GSM";70;7.629805412;80.4907838
1.73E12;1.73E12;"Hutch";"GSM";70;7.630405312;80.62748406
1.71E12;1.71E12;"Hutch";"GSM";70;7.647105558;80.53398371
1.71E12;1.71E12;"Hutch";"GSM";70;7.648705394;80.53368424
1.71E12;1.71E12;"Hutch";"GSM";70;7.666205712;80.53378369
1.71E12;1.71E12;"Hutch";"GSM";70;7.666305822;80.53578351
1.71E12;1.71E12;"Hutch";"GSM";70;7.66630593;80.4730842
1.68E12;1.68E12;"Hutch";"LTE";70;8.199502575;79.98096867
1.69E12;1.69E12;"Hutch";"LTE";70;8.209602392;80.09036839
1.57E12;1.57E12;"Dialog";"GSM";70;8.226802505;80.08456869
1.57E12;1.57E12;"Dialog";"GSM";70;8.228402652;79.99056898
1.57E12;1.57E12;"Dialog";"GSM";70;8.233802301;79.88296871
1.57E12;1.57E12;"Dialog";"GSM";70;8.233902337;79.89736887
1.57E12;1.57E12;"Dialog";"GSM";70;8.234202459;80.08186897
1.57E12;1.57E12;"Dialog";"GSM";70;8.234402687;80.08466815
1.57E12;1.57E12;"Dialog";"GSM";70;8.234502276;80.09786846
1.57E12;1.57E12;"Dialog";"GSM";70;8.234701942;80.08496896
1.57E12;1.57E12;"Dialog";"GSM";70;8.235002482;80.09596876
1.57E12;1.57E12;"Dialog";"GSM";70;8.235401931;80.09916814
1.72E12;1.73E12;"Mobitel";"GSM";70;8.25260215;79.96326841
1.69E12;1.69E12;"Hutch";"GSM";70;8.294401958;80.08936888
1.69E12;1.69E12;"Hutch";"GSM";70;8.295102247;80.08726865
1.71E12;1.73E12;"Hutch";"GSM";70;8.296402162;79.95266858
1.71E12;1.71E12;"Hutch";"GSM";70;8.309802037;79.90896851
1.73E12;1.73E12;"Hutch";"GSM";70;8.310401937;80.04566877
1.71E12;1.71E12;"Hutch";"GSM";70;8.327102183;79.95216842
1.71E12;1.71E12;"Hutch";"GSM";70;8.328702019;79.95186895
1.71E12;1.71E12;"Hutch";"GSM";70;8.346202337;79.9519684
1.71E12;1.71E12;"Hutch";"GSM";70;8.346302447;79.95396822
1.71E12;1.71E12;"Hutch";"GSM";70;8.346302555;79.89126891
1.68E12;1.68E12;"Hutch";"LTE";70;8.272229487;81.1882354
1.69E12;1.69E12;"Hutch";"LTE";70;8.282329304;81.29763512
1.57E12;1.57E12;"Dialog";"GSM";70;8.299529417;81.29183542
1.57E12;1.57E12;"Dialog";"GSM";70;8.301129564;81.19783571
1.57E12;1.57E12;"Dialog";"GSM";70;8.306529213;81.09023544
1.57E12;1.57E12;"Dialog";"GSM";70;8.306629249;81.1046356
1.57E12;1.57E12;"Dialog";"GSM";70;8.306929371;81.2891357
1.57E12;1.57E12;"Dialog";"GSM";70;8.307129599;81.29193488
1.57E12;1.57E12;"Dialog";"GSM";70;8.307229188;81.30513519
1.57E12;1.57E12;"Dialog";"GSM";70;8.307428854;81.29223569
1.57E12;1.57E12;"Dialog";"GSM";70;8.307729394;81.30323549
1.57E12;1.57E12;"Dialog";"GSM";70;8.308128843;81.30643487
1.72E12;1.73E12;"Mobitel";"GSM";70;8.325329062;81.17053514
1.69E12;1.69E12;"Hutch";"GSM";70;8.36712887;81.29663561
1.69E12;1.69E12;"Hutch";"GSM";70;8.367829159;81.29453538
1.71E12;1.73E12;"Hutch";"GSM";70;8.369129074;81.15993531
1.71E12;1.71E12;"Hutch";"GSM";70;8.382528949;81.11623524
1.73E12;1.73E12;"Hutch";"GSM";70;8.383128849;81.2529355
1.71E12;1.71E12;"Hutch";"GSM";70;8.399829095;81.15943515
1.71E12;1.71E12;"Hutch";"GSM";70;8.401428931;81.15913568
1.71E12;1.71E12;"Hutch";"GSM";70;8.418929249;81.15923513
1.71E12;1.71E12;"Hutch";"GSM";70;8.419029359;81.16123495
1.71E12;1.71E12;"Hutch";"GSM";70;8.419029467;81.09853564
1.68E12;1.68E12;"Hutch";"LTE";70;8.984953223;80.51914782
1.69E12;1.69E12;"Hutch";"LTE";70;8.99505304;80.62854754
1.57E12;1.57E12;"Dialog";"GSM";70;9.012253153;80.62274784
1.57E12;1.57E12;"Dialog";"GSM";70;9.0138533;80.52874813
1.57E12;1.57E12;"Dialog";"GSM";70;9.019252949;80.42114786
1.57E12;1.57E12;"Dialog";"GSM";70;9.019352985;80.43554802
1.57E12;1.57E12;"Dialog";"GSM";70;9.019653107;80.62004812
1.57E12;1.57E12;"Dialog";"GSM";70;9.019853335;80.6228473
1.57E12;1.57E12;"Dialog";"GSM";70;9.019952924;80.63604761
1.57E12;1.57E12;"Dialog";"GSM";70;9.02015259;80.62314811
1.57E12;1.57E12;"Dialog";"GSM";70;9.02045313;80.63414791
1.57E12;1.57E12;"Dialog";"GSM";70;9.020852579;80.63734729
1.72E12;1.73E12;"Mobitel";"GSM";70;9.038052798;80.50144756
1.69E12;1.69E12;"Hutch";"GSM";70;9.079852606;80.62754803
1.69E12;1.69E12;"Hutch";"GSM";70;9.080552895;80.6254478
1.71E12;1.73E12;"Hutch";"GSM";70;9.08185281;80.49084773
1.71E12;1.71E12;"Hutch";"GSM";70;9.095252685;80.44714766
1.73E12;1.73E12;"Hutch";"GSM";70;9.095852585;80.58384792
1.71E12;1.71E12;"Hutch";"GSM";70;9.112552831;80.49034757
1.71E12;1.71E12;"Hutch";"GSM";70;9.114152667;80.4900481
1.71E12;1.71E12;"Hutch";"GSM";70;9.131652985;80.49014755
1.71E12;1.71E12;"Hutch";"GSM";70;9.131753095;80.49214737
1.71E12;1.71E12;"Hutch";"GSM";70;9.131753203;80.42944806
1.6481334279630945E12;1.664847409510291E12;"Dialog";"GSM";70;8.502940008;80.99326335
1.6481334279630945E12;1.664847409510291E12;"Dialog";"GSM";70;8.34112263;80.59871985
1.6481334279630945E12;1.664847409510291E12;"Dialog";"GSM";70;8.379304258;80.74417368
1.6481334279630945E12;1.664847409510291E12;"Dialog";"GSM";70;8.417485887;80.65144687
1.6481334279630945E12;1.664847409510291E12;"Dialog";"GSM";70;8.333849939;80.39690267
1.65E12;1.65E12;"Dialog";"UMTS";70;8.230171916;80.42367538
1.69E12;1.69E12;"Dialog";"UMTS";70;8.311472083;80.9423749
1.6481334279630945E12;1.664847409510291E12;"Dialog";"GSM";70;8.284759273;81.14598987
1.6481334279630945E12;1.664847409510291E12;"Dialog";"GSM";70;8.122941894;80.75144637
1.6481334279630945E12;1.664847409510291E12;"Dialog";"GSM";70;8.161123523;80.89690019
1.6481334279630945E12;1.664847409510291E12;"Dialog";"GSM";70;8.199305152;80.80417338
1.6481334279630945E12;1.664847409510291E12;"Dialog";"GSM";70;8.115669203;80.54962919
1.65E12;1.65E12;"Dialog";"UMTS";70;8.011991181;80.5764019
1.69E12;1.69E12;"Dialog";"UMTS";70;8.093291348;81.09510142
1.6481334279630945E12;1.664847409510291E12;"Dialog";"GSM";70;7.862943185;81.20053505
1.6481334279630945E12;1.664847409510291E12;"Dialog";"GSM";70;7.701125806;80.80599155
1.6481334279630945E12;1.664847409510291E12;"Dialog";"GSM";70;7.739307435;80.95144538
1.6481334279630945E12;1.664847409510291E12;"Dialog";"GSM";70;7.777489063;80.85871856
1.6481334279630945E12;1.664847409510291E12;"Dialog";"GSM";70;7.693853115;80.60417437
1.65E12;1.65E12;"Dialog";"UMTS";70;7.590175093;80.63094708
1.69E12;1.69E12;"Dialog";"UMTS";70;7.67147526;81.1496466
1.6481334279630945E12;1.664847409510291E12;"Dialog";"GSM";70;8.492030972;80.84235501
1.6481334279630945E12;1.664847409510291E12;"Dialog";"GSM";70;8.5302126;80.7496282
1.69E12;1.69E12;"Dialog";"UMTS";70;8.424198797;81.04055624
1.38E12;1.38E12;"Hutch";"UMTS";70;8.375323862;80.91910976
1.69E12;1.69E12;"Hutch";"UMTS";70;8.6019237;80.84861002
1.69E12;1.69E12;"Hutch";"UMTS";70;8.604324167;80.84860985
1.6481334279630945E12;1.664847409510291E12;"Dialog";"GSM";70;8.859301876;80.05690436
1.6481334279630945E12;1.664847409510291E12;"Dialog";"GSM";70;8.897483505;79.96417755
1.69E12;1.69E12;"Dialog";"UMTS";70;8.791469701;80.25510559
1.38E12;1.38E12;"Hutch";"UMTS";70;8.742594766;80.13365912
1.69E12;1.69E12;"Hutch";"UMTS";70;8.969194604;80.06315938
1.69E12;1.69E12;"Hutch";"UMTS";70;8.971595071;80.06315921
1.6481334279630945E12;1.664847409510291E12;"Dialog";"GSM";70;8.801120347;80.89690019
1.6481334279630945E12;1.664847409510291E12;"Dialog";"GSM";70;8.839301975;80.80417338
1.69E12;1.69E12;"Dialog";"UMTS";70;8.733288172;81.09510142
1.38E12;1.38E12;"Hutch";"UMTS";70;8.684413237;80.97365495
1.69E12;1.69E12;"Hutch";"UMTS";70;8.911013075;80.90315521
1.69E12;1.69E12;"Hutch";"UMTS";70;8.913413542;80.90315504
1.6481334279630945E12;1.664847409510291E12;"Dialog";"GSM";70;8.572030575;80.46781141
1.6481334279630945E12;1.664847409510291E12;"Dialog";"GSM";70;8.610212203;80.3750846
1.69E12;1.69E12;"Dialog";"UMTS";70;8.5041984;80.66601264
1.38E12;1.38E12;"Hutch";"UMTS";70;8.455323465;80.54456617
1.69E12;1.69E12;"Hutch";"UMTS";70;8.681923303;80.47406643
1.69E12;1.69E12;"Hutch";"UMTS";70;8.68432377;80.47406626
1.6481334279630945E12;1.664847409510291E12;"Dialog";"GSM";70;8.535667119;80.09326782
1.6481334279630945E12;1.664847409510291E12;"Dialog";"GSM";70;8.573848747;80.000541
1.69E12;1.69E12;"Dialog";"UMTS";70;8.467834944;80.29146904
1.38E12;1.38E12;"Hutch";"UMTS";70;8.418960009;80.17002257
1.69E12;1.69E12;"Hutch";"UMTS";70;8.645559847;80.09952283
1.69E12;1.69E12;"Hutch";"UMTS";70;8.647960314;80.09952266
1.6481334279630945E12;1.664847409510291E12;"Dialog";"GSM";70;6.652040104;80.01690456
1.6481334279630945E12;1.664847409510291E12;"Dialog";"GSM";70;6.690221732;79.92417775
1.69E12;1.69E12;"Dialog";"UMTS";70;6.584207929;80.21510579
1.38E12;1.38E12;"Hutch";"UMTS";70;6.535332994;80.09365931
1.69E12;1.69E12;"Hutch";"UMTS";70;6.761932832;80.02315957
1.69E12;1.69E12;"Hutch";"UMTS";70;6.764333299;80.0231594
1.6481334279630945E12;1.664847409510291E12;"Dialog";"GSM";70;6.117497302;80.34053932
1.6481334279630945E12;1.664847409510291E12;"Dialog";"GSM";70;6.155678931;80.2478125
1.69E12;1.69E12;"Dialog";"UMTS";70;6.049665127;80.53874054
1.38E12;1.38E12;"Hutch";"UMTS";70;6.000790192;80.41729407
1.69E12;1.69E12;"Hutch";"UMTS";70;6.22739003;80.34679433
1.69E12;1.69E12;"Hutch";"UMTS";70;6.229790497;80.34679416
1.6481334279630945E12;1.664847409510291E12;"Dialog";"GSM";70;7.884761258;79.96235938
1.6481334279630945E12;1.664847409510291E12;"Dialog";"GSM";70;7.922942887;79.86963256
1.69E12;1.69E12;"Dialog";"UMTS";70;7.816929083;80.1605606
1.38E12;1.38E12;"Hutch";"UMTS";70;7.768054149;80.03911413
1.69E12;1.69E12;"Hutch";"UMTS";70;7.994653987;79.96861439
1.69E12;1.69E12;"Hutch";"UMTS";70;7.997054454;79.96861422
1.6481334279630945E12;1.664847409510291E12;"Dialog";"GSM";70;7.499308626;79.96963207
1.6481334279630945E12;1.664847409510291E12;"Dialog";"GSM";70;7.537490254;79.87690525
1.69E12;1.69E12;"Dialog";"UMTS";70;7.431476451;80.16783329
1.38E12;1.38E12;"Hutch";"UMTS";70;7.382601516;80.04638682
1.69E12;1.69E12;"Hutch";"UMTS";70;7.609201354;79.97588708
1.69E12;1.69E12;"Hutch";"UMTS";70;7.611601821;79.97588691
1.6481334279630945E12;1.664847409510291E12;"Dialog";"GSM";70;6.750221434;79.99872283
1.6481334279630945E12;1.664847409510291E12;"Dialog";"GSM";70;6.788403063;79.90599602
1.69E12;1.69E12;"Dialog";"UMTS";70;6.682389259;80.19692406
1.38E12;1.38E12;"Hutch";"UMTS";70;6.633514325;80.07547759
1.69E12;1.69E12;"Hutch";"UMTS";70;6.860114163;80.00497785
1.69E12;1.69E12;"Hutch";"UMTS";70;6.86251463;80.00497768
1.6481334279630945E12;1.664847409510291E12;"Dialog";"GSM";70;9.339299494;80.3550847
1.6481334279630945E12;1.664847409510291E12;"Dialog";"GSM";70;9.377481123;80.26235789
1.69E12;1.69E12;"Dialog";"UMTS";70;9.271467319;80.55328593
1.38E12;1.38E12;"Hutch";"UMTS";70;9.222592384;80.43183945
1.69E12;1.69E12;"Hutch";"UMTS";70;9.449192222;80.36133971
1.69E12;1.69E12;"Hutch";"UMTS";70;9.451592689;80.36133954
1.6481334279630945E12;1.664847409510291E12;"Dialog";"GSM";70;8.750211509;80.64599235
1.6481334279630945E12;1.664847409510291E12;"Dialog";"GSM";70;8.788393137;80.55326553
1.69E12;1.69E12;"Dialog";"UMTS";70;8.682379334;80.84419357
1.38E12;1.38E12;"Hutch";"UMTS";70;8.633504399;80.7227471
1.69E12;1.69E12;"Hutch";"UMTS";70;8.860104237;80.65224736
1.69E12;1.69E12;"Hutch";"UMTS";70;8.862504704;80.65224719
1.57E12;1.57E12;"Dialog";"GSM";70;8.237538683;80.36463928
1.72E12;1.73E12;"Mobitel";"GSM";70;8.256238496;80.43053882
1.71E12;1.73E12;"Hutch";"GSM";70;8.300038508;80.41993899
1.71E12;1.71E12;"Hutch";"GSM";70;8.313438383;80.37623892
1.71E12;1.71E12;"Hutch";"GSM";70;8.330738529;80.41943883
1.71E12;1.71E12;"Hutch";"GSM";70;8.332338365;80.41913936
1.71E12;1.71E12;"Hutch";"GSM";70;8.349838683;80.41923881
1.71E12;1.71E12;"Hutch";"GSM";70;8.349938793;80.42123863
1.71E12;1.71E12;"Hutch";"GSM";70;8.349938901;80.35853932
1.57E12;1.57E12;"Dialog";"GSM";70;8.226629646;80.30918501
1.72E12;1.73E12;"Mobitel";"GSM";70;8.245329459;80.37508455
1.71E12;1.73E12;"Hutch";"GSM";70;8.289129471;80.36448472
1.71E12;1.71E12;"Hutch";"GSM";70;8.302529346;80.32078465
1.71E12;1.71E12;"Hutch";"GSM";70;8.319829492;80.36398456
1.71E12;1.71E12;"Hutch";"GSM";70;8.321429328;80.36368509
1.71E12;1.71E12;"Hutch";"GSM";70;8.338929646;80.36378454
1.71E12;1.71E12;"Hutch";"GSM";70;8.339029756;80.36578436
1.71E12;1.71E12;"Hutch";"GSM";70;8.339029864;80.30308505
1.57E12;1.57E12;"Dialog";"GSM";70;8.174811721;80.57645641
1.72E12;1.73E12;"Mobitel";"GSM";70;8.193511534;80.64235595
1.71E12;1.73E12;"Hutch";"GSM";70;8.237311546;80.63175612
1.71E12;1.71E12;"Hutch";"GSM";70;8.250711421;80.58805605
1.71E12;1.71E12;"Hutch";"GSM";70;8.268011567;80.63125596
1.71E12;1.71E12;"Hutch";"GSM";70;8.269611403;80.63095649
1.71E12;1.71E12;"Hutch";"GSM";70;8.287111721;80.63105594
1.71E12;1.71E12;"Hutch";"GSM";70;8.287211831;80.63305576
1.71E12;1.71E12;"Hutch";"GSM";70;8.287211939;80.57035645
1.57E12;1.57E12;"Dialog";"GSM";70;7.709359486;80.32373039
1.72E12;1.73E12;"Mobitel";"GSM";70;7.728059299;80.38962993
1.71E12;1.73E12;"Hutch";"GSM";70;7.771859311;80.3790301
1.71E12;1.71E12;"Hutch";"GSM";70;7.785259186;80.33533003
1.71E12;1.71E12;"Hutch";"GSM";70;7.802559332;80.37852994
1.71E12;1.71E12;"Hutch";"GSM";70;7.804159168;80.37823047
1.71E12;1.71E12;"Hutch";"GSM";70;7.821659486;80.37832992
1.71E12;1.71E12;"Hutch";"GSM";70;7.821759596;80.38032974
1.71E12;1.71E12;"Hutch";"GSM";70;7.821759704;80.31763043
1.57E12;1.57E12;"Dialog";"GSM";70;8.002994392;80.99736341
1.72E12;1.73E12;"Mobitel";"GSM";70;8.021694205;81.06326295
1.71E12;1.73E12;"Hutch";"GSM";70;8.065494217;81.05266312
1.71E12;1.71E12;"Hutch";"GSM";70;8.078894092;81.00896305
1.71E12;1.71E12;"Hutch";"GSM";70;8.096194238;81.05216296
1.71E12;1.71E12;"Hutch";"GSM";70;8.097794074;81.05186349
1.71E12;1.71E12;"Hutch";"GSM";70;8.115294392;81.05196294
1.71E12;1.71E12;"Hutch";"GSM";70;8.115394502;81.05396276
1.71E12;1.71E12;"Hutch";"GSM";70;8.11539461;80.99126345
1.57E12;1.57E12;"Dialog";"GSM";70;8.129357402;81.02190874
1.72E12;1.73E12;"Mobitel";"GSM";70;8.148057215;81.08780828
1.71E12;1.73E12;"Hutch";"GSM";70;8.191857227;81.07720845
1.71E12;1.71E12;"Hutch";"GSM";70;8.205257102;81.03350838
1.71E12;1.71E12;"Hutch";"GSM";70;8.222557248;81.07670829
1.71E12;1.71E12;"Hutch";"GSM";70;8.224157084;81.07640882
1.71E12;1.71E12;"Hutch";"GSM";70;8.241657402;81.07650827
1.71E12;1.71E12;"Hutch";"GSM";70;8.241757512;81.07850809
1.71E12;1.71E12;"Hutch";"GSM";70;8.24175762;81.01580878
1.57E12;1.57E12;"Dialog";"GSM";70;7.739359337;81.03645412
1.72E12;1.73E12;"Mobitel";"GSM";70;7.75805915;81.10235366
1.71E12;1.73E12;"Hutch";"GSM";70;7.801859162;81.09175383
1.71E12;1.71E12;"Hutch";"GSM";70;7.815259037;81.04805376
1.71E12;1.71E12;"Hutch";"GSM";70;7.832559183;81.09125367
1.71E12;1.71E12;"Hutch";"GSM";70;7.834159019;81.0909542
1.71E12;1.71E12;"Hutch";"GSM";70;7.851659337;81.09105365
1.71E12;1.71E12;"Hutch";"GSM";70;7.851759447;81.09305347
1.71E12;1.71E12;"Hutch";"GSM";70;7.851759555;81.03035416
1.6481334279630945E12;1.664847409510291E12;"Dialog";"GSM";70;7.938851899;80.80690064
1.6481334279630945E12;1.664847409510291E12;"Dialog";"GSM";70;7.91339748;80.8328096
1.6481334279630945E12;1.664847409510291E12;"Dialog";"GSM";70;8.093396586;80.86553671
1.6481334279630945E12;1.664847409510291E12;"Dialog";"GSM";70;7.921124714;80.60644709
1.6481334279630945E12;1.664847409510291E12;"Dialog";"GSM";70;7.880670369;80.56053823
1.6481334279630945E12;1.664847409510291E12;"Dialog";"GSM";70;7.929306492;80.49781126
1.6481334279630945E12;1.664847409510291E12;"Dialog";"GSM";70;7.860215926;80.5023567
1.6481334279630945E12;1.664847409510291E12;"Dialog";"GSM";70;7.932488294;80.36917554
1.6481334279630945E12;1.664847409510291E12;"Dialog";"GSM";70;7.874761308;80.41099351
1.6481334279630945E12;1.664847409510291E12;"Dialog";"GSM";70;9.13975503;80.13599488
1.6481334279630945E12;1.664847409510291E12;"Dialog";"GSM";70;8.930210615;79.92326866
1.6481334279630945E12;1.664847409510291E12;"Dialog";"GSM";70;9.231572756;80.12508584
1.6481334279630945E12;1.664847409510291E12;"Dialog";"GSM";70;9.177482115;80.77962805
1.6481334279630945E12;1.664847409510291E12;"Dialog";"GSM";70;9.001119354;80.87780938
1.6481334279630945E12;1.664847409510291E12;"Dialog";"GSM";70;9.61020724;80.35781196
1.6481334279630945E12;1.664847409510291E12;"Dialog";"GSM";70;9.675661461;79.87599617
1.6481334279630945E12;1.664847409510291E12;"Dialog";"GSM";70;8.79021131;79.94690491
1.6481334279630945E12;1.664847409510291E12;"Dialog";"GSM";70;9.033846464;79.82326916
1.6481334279630945E12;1.664847409510291E12;"Dialog";"GSM";70;9.46657159;80.54144741
1.6481334279630945E12;1.664847409510291E12;"Dialog";"GSM";70;6.882948048;80.7023557
1.6481334279630945E12;1.664847409510291E12;"Dialog";"GSM";70;6.779312199;80.66053773
1.6481334279630945E12;1.664847409510291E12;"Dialog";"GSM";70;7.028401872;80.86417308
1.6481334279630945E12;1.664847409510291E12;"Dialog";"GSM";70;6.828402865;80.65144687
1.6481334279630945E12;1.664847409510291E12;"Dialog";"GSM";70;6.970220343;80.28235779
1.6481334279630945E12;1.664847409510291E12;"Dialog";"GSM";70;6.950220442;80.97326345
1.6481334279630945E12;1.664847409510291E12;"Dialog";"GSM";70;6.921129677;80.75144637
1.6481334279630945E12;1.664847409510291E12;"Dialog";"GSM";70;7.200219201;80.28781231
1.6481334279630945E12;1.664847409510291E12;"Dialog";"GSM";70;7.289309668;80.53690198
1.6481334279630945E12;1.664847409510291E12;"Dialog";"GSM";70;7.28112789;80.87690029
1.6481334279630945E12;1.664847409510291E12;"Dialog";"GSM";70;6.70840346;80.98235431
1.6481334279630945E12;1.664847409510291E12;"Dialog";"GSM";70;6.660221881;80.62690153
1.6481334279630945E12;1.664847409510291E12;"Dialog";"GSM";70;7.321127692;80.34235749
